# k, delta_cdm, delta_b, delta_g, delta_nu, delta_num, delta_tot, delta_nonu, delta_tot_nodm, phi, v_cdm, v_b, v_b_cdm
7.01724698e-11 6.30549299e+02 6.30549299e+02 8.40732399e+02 8.40732399e+02 0.00000000e+00 6.30611865e+02 -2.10120534e+02 6.30611865e+02 1.47999536e-05 2.86018581e+02 2.86018581e+02 0.00000000e+00
8.66869568e-06 6.30551721e+02 6.30551698e+02 8.40062923e+02 8.40048397e+02 0.00000000e+00 6.30614081e+02 -2.09434315e+02 6.30614081e+02 1.47999987e-05 2.86019679e+02 2.86019669e+02 1.00984301e-05
1.73489547e-05 6.30547770e+02 6.30547681e+02 8.38038942e+02 8.37980868e+02 0.00000000e+00 6.30609514e+02 -2.07371354e+02 6.30609514e+02 1.47998718e-05 2.86017887e+02 2.86017847e+02 4.04295919e-05
2.60641176e-05 6.30541119e+02 6.30540918e+02 8.34658143e+02 8.34527477e+02 0.00000000e+00 6.30601831e+02 -2.03925646e+02 6.30601831e+02 1.47996586e-05 2.86014870e+02 2.86014779e+02 9.11824237e-05
3.48376731e-05 6.30531708e+02 6.30531350e+02 8.29904963e+02 8.29672552e+02 0.00000000e+00 6.30590972e+02 -1.99081580e+02 6.30590972e+02 1.47993574e-05 2.86010602e+02 2.86010439e+02 1.62731484e-04
4.36935369e-05 6.30519468e+02 6.30518904e+02 8.23755648e+02 8.23392161e+02 0.00000000e+00 6.30576856e+02 -1.92815305e+02 6.30576856e+02 1.47989662e-05 2.86005049e+02 2.86004794e+02 2.55628333e-04
5.26562656e-05 6.30504291e+02 6.30503474e+02 8.16178380e+02 8.15654241e+02 0.00000000e+00 6.30559368e+02 -1.85094873e+02 6.30559368e+02 1.47984817e-05 2.85998165e+02 2.85997794e+02 3.70625483e-04
6.17512773e-05 6.30486029e+02 6.30484907e+02 8.07133421e+02 8.06418787e+02 0.00000000e+00 6.30538348e+02 -1.75880439e+02 6.30538348e+02 1.47978998e-05 2.85989881e+02 2.85989373e+02 5.08665247e-04
7.10050825e-05 6.30464499e+02 6.30463020e+02 7.96573411e+02 7.95638143e+02 0.00000000e+00 6.30513598e+02 -1.65124545e+02 6.30513598e+02 1.47972153e-05 2.85980115e+02 2.85979444e+02 6.70911030e-04
8.04455290e-05 6.30439487e+02 6.30437594e+02 7.84443726e+02 7.83257423e+02 0.00000000e+00 6.30484886e+02 -1.52772537e+02 6.30484886e+02 1.47964220e-05 2.85968770e+02 2.85967911e+02 8.58750467e-04
9.01020616e-05 6.30410733e+02 6.30408366e+02 7.70683015e+02 7.69215097e+02 0.00000000e+00 6.30451936e+02 -1.38763161e+02 6.30451936e+02 1.47955128e-05 2.85955727e+02 2.85954653e+02 1.07380228e-03
1.00006002e-04 6.30377936e+02 6.30375031e+02 7.55224027e+02 7.53443859e+02 0.00000000e+00 6.30414424e+02 -1.23029435e+02 6.30414424e+02 1.47944791e-05 2.85940850e+02 2.85939532e+02 1.31795187e-03
1.10190852e-04 6.30340743e+02 6.30337230e+02 7.37994713e+02 7.35871850e+02 0.00000000e+00 6.30371975e+02 -1.05499875e+02 6.30371975e+02 1.47933113e-05 2.85923979e+02 2.85922386e+02 1.59333483e-03
1.20692616e-04 6.30298743e+02 6.30294549e+02 7.18919970e+02 7.16424386e+02 0.00000000e+00 6.30324156e+02 -8.61002293e+01 6.30324156e+02 1.47919981e-05 2.85904928e+02 2.85903025e+02 1.90246161e-03
1.31550160e-04 6.30251460e+02 6.30246504e+02 6.97923699e+02 6.95026318e+02 0.00000000e+00 6.30270469e+02 -6.47558490e+01 6.30270469e+02 1.47905267e-05 2.85883481e+02 2.85881232e+02 2.24807996e-03
1.42805589e-04 6.30198348e+02 6.30192542e+02 6.74931981e+02 6.71605253e+02 0.00000000e+00 6.30210341e+02 -4.13949114e+01 6.30210341e+02 1.47888825e-05 2.85859388e+02 2.85856755e+02 2.63328283e-03
1.54504666e-04 6.30138773e+02 6.30132023e+02 6.49877214e+02 6.46095836e+02 0.00000000e+00 6.30143121e+02 -1.59527143e+01 6.30143121e+02 1.47870490e-05 2.85832365e+02 2.85829304e+02 3.06159965e-03
1.66697251e-04 6.30072009e+02 6.30064212e+02 6.22703383e+02 6.18445389e+02 0.00000000e+00 6.30068065e+02 1.16226759e+01 6.30068065e+02 1.47850076e-05 2.85802081e+02 2.85798544e+02 3.53684248e-03
1.79437780e-04 6.29997223e+02 6.29988266e+02 5.93373156e+02 5.88621197e+02 0.00000000e+00 6.29984327e+02 4.13631295e+01 6.29984327e+02 1.47827372e-05 2.85768158e+02 2.85764095e+02 4.06324025e-03
1.92785754e-04 6.29913457e+02 6.29903216e+02 5.61876795e+02 5.56619750e+02 0.00000000e+00 6.29890946e+02 7.32711956e+01 6.29890946e+02 1.47802143e-05 2.85730162e+02 2.85725516e+02 4.64538757e-03
2.06806259e-04 6.29819617e+02 6.29807958e+02 5.28243346e+02 5.22478244e+02 0.00000000e+00 6.29786835e+02 1.07308591e+02 6.29786835e+02 1.47774125e-05 2.85687595e+02 2.85682307e+02 5.28831759e-03
2.21570482e-04 6.29714448e+02 6.29701227e+02 4.92553948e+02 4.86288514e+02 0.00000000e+00 6.29670767e+02 1.43382252e+02 6.29670767e+02 1.47743025e-05 2.85639891e+02 2.85633893e+02 5.99716628e-03
2.37156210e-04 6.29596525e+02 6.29581584e+02 4.54958039e+02 4.48213394e+02 0.00000000e+00 6.29541357e+02 1.81327963e+02 6.29541357e+02 1.47708517e-05 2.85586400e+02 2.85579623e+02 6.77737415e-03
2.53648291e-04 6.29464223e+02 6.29447392e+02 4.15691345e+02 4.08505087e+02 0.00000000e+00 6.29397053e+02 2.20891966e+02 6.29397053e+02 1.47670243e-05 2.85526388e+02 2.85518753e+02 7.63450626e-03
2.71139015e-04 6.29315702e+02 6.29296801e+02 3.75094927e+02 3.67524546e+02 0.00000000e+00 6.29236118e+02 2.61711572e+02 6.29236118e+02 1.47627808e-05 2.85459019e+02 2.85450445e+02 8.57392641e-03
2.89728361e-04 6.29148890e+02 6.29127725e+02 3.33633566e+02 3.25759866e+02 0.00000000e+00 6.29056618e+02 3.03296753e+02 6.29056618e+02 1.47580785e-05 2.85383352e+02 2.85373752e+02 9.60038116e-03
3.09524059e-04 6.28961458e+02 6.28937830e+02 2.91910544e+02 2.83840409e+02 0.00000000e+00 6.28856410e+02 3.45016001e+02 6.28856410e+02 1.47528707e-05 2.85298333e+02 2.85287615e+02 1.07179097e-02
3.30641380e-04 6.28750819e+02 6.28724521e+02 2.50673512e+02 2.42541726e+02 0.00000000e+00 6.28633129e+02 3.86091403e+02 6.28633129e+02 1.47471075e-05 2.85202786e+02 2.85190857e+02 1.19291007e-02
3.53202573e-04 6.28514115e+02 6.28484939e+02 2.10805452e+02 2.02774495e+02 0.00000000e+00 6.28384185e+02 4.25609690e+02 6.28384185e+02 1.47407350e-05 2.85095417e+02 2.85082182e+02 1.32344677e-02
3.77335849e-04 6.28248225e+02 6.28215968e+02 1.73292671e+02 1.65549339e+02 0.00000000e+00 6.28106755e+02 4.62557416e+02 6.28106755e+02 1.47336960e-05 2.84974809e+02 2.84960177e+02 1.46318395e-02
4.03173819e-04 6.27949784e+02 6.27914257e+02 1.39161375e+02 1.31909243e+02 0.00000000e+00 6.27797785e+02 4.95888542e+02 6.27797785e+02 1.47259291e-05 2.84839435e+02 2.84823320e+02 1.61148532e-02
4.30851309e-04 6.27615213e+02 6.27576252e+02 1.09377916e+02 1.02824068e+02 0.00000000e+00 6.27453991e+02 5.24629923e+02 6.27453991e+02 1.47173690e-05 2.84687673e+02 2.84670000e+02 1.76730800e-02
4.60502499e-04 6.27240779e+02 6.27198253e+02 8.47128053e+01 7.90489672e+01 0.00000000e+00 6.27071870e+02 5.48022903e+02 6.27071870e+02 1.47079454e-05 2.84517829e+02 2.84498539e+02 1.92898236e-02
4.92257409e-04 6.26822656e+02 6.26776485e+02 6.55834641e+01 6.09618472e+01 0.00000000e+00 6.26647728e+02 5.65685881e+02 6.26647728e+02 1.46975827e-05 2.84328167e+02 2.84307224e+02 2.09435224e-02
5.26237812e-04 6.26357019e+02 6.26307184e+02 5.19061643e+01 4.84135219e+01 0.00000000e+00 6.26177716e+02 5.77764194e+02 6.26177716e+02 1.46861990e-05 2.84116953e+02 2.84094348e+02 2.26050619e-02
5.62552778e-04 6.25840139e+02 6.25786699e+02 4.30086687e+01 4.06433779e+01 0.00000000e+00 6.25657909e+02 5.85014531e+02 6.25657909e+02 1.46737069e-05 2.83882495e+02 2.83858254e+02 2.42407123e-02
6.01294124e-04 6.25268496e+02 6.25211591e+02 3.76625176e+01 3.63223768e+01 0.00000000e+00 6.25084422e+02 5.88762045e+02 6.25084422e+02 1.46600145e-05 2.83623197e+02 2.83597384e+02 2.58124606e-02
6.42532165e-04 6.24638883e+02 6.24578741e+02 3.42813929e+01 3.37694650e+01 0.00000000e+00 6.24453578e+02 5.90684113e+02 6.24453578e+02 1.46450290e-05 2.83337603e+02 2.83310322e+02 2.72805401e-02
6.86312172e-04 6.23948510e+02 6.23885443e+02 3.12820989e+01 3.13347801e+01 0.00000000e+00 6.23762124e+02 5.92427344e+02 6.23762124e+02 1.46286631e-05 2.83024448e+02 2.82995841e+02 2.86069855e-02
7.32651923e-04 6.23195098e+02 6.23129491e+02 2.75235264e+01 2.78579693e+01 0.00000000e+00 6.23007451e+02 5.95149481e+02 6.23007451e+02 1.46108424e-05 2.82682699e+02 2.82652939e+02 2.97593346e-02
7.81540669e-04 6.22376955e+02 6.22309243e+02 2.26571610e+01 2.30260896e+01 0.00000000e+00 6.22187774e+02 5.99161685e+02 6.22187774e+02 1.45915129e-05 2.82311587e+02 2.82280873e+02 3.07143604e-02
8.32939632e-04 6.21493041e+02 6.21423679e+02 1.71979535e+01 1.74336668e+01 0.00000000e+00 6.21302221e+02 6.03868555e+02 6.21302221e+02 1.45706459e-05 2.81910642e+02 2.81879179e+02 3.14629347e-02
8.86783994e-04 6.20543001e+02 6.20472435e+02 1.22122133e+01 1.22430370e+01 0.00000000e+00 6.20350764e+02 6.08107727e+02 6.20350764e+02 1.45482385e-05 2.81479701e+02 2.81447693e+02 3.20087846e-02
9.42986158e-04 6.19525599e+02 6.19454226e+02 8.71380043e+00 8.54833425e+00 0.00000000e+00 6.19332472e+02 6.10784138e+02 6.19332472e+02 1.45242713e-05 2.81018205e+02 2.80985831e+02 3.23746628e-02
1.00143989e-03 6.18442747e+02 6.18370891e+02 7.06970702e+00 6.76062820e+00 0.00000000e+00 6.18249359e+02 6.11488731e+02 6.18249359e+02 1.44987957e-05 2.80527021e+02 2.80494427e+02 3.25941498e-02
1.06202497e-03 6.17296754e+02 6.17224636e+02 6.77737686e+00 6.38718756e+00 0.00000000e+00 6.17103570e+02 6.10716382e+02 6.17103570e+02 1.44718647e-05 2.80007197e+02 2.79974484e+02 3.27127356e-02
1.12461181e-03 6.16089707e+02 6.16017433e+02 6.78884604e+00 6.37455322e+00 0.00000000e+00 6.15896858e+02 6.09522304e+02 6.15896858e+02 1.44435187e-05 2.79459677e+02 2.79426894e+02 3.27836376e-02
1.18906591e-03 6.14824099e+02 6.14751652e+02 6.19202074e+00 5.80765488e+00 0.00000000e+00 6.14631425e+02 6.08823770e+02 6.14631425e+02 1.44138049e-05 2.78885595e+02 2.78852733e+02 3.28620419e-02
1.25525163e-03 6.13502714e+02 6.13429964e+02 4.77905176e+00 4.47842754e+00 0.00000000e+00 6.13309975e+02 6.08831548e+02 6.13309975e+02 1.43827821e-05 2.78286212e+02 2.78253212e+02 3.29997908e-02
1.32303539e-03 6.12128538e+02 6.12055261e+02 3.08367086e+00 2.90738800e+00 0.00000000e+00 6.11935635e+02 6.09028247e+02 6.11935635e+02 1.43505207e-05 2.77662882e+02 2.77629643e+02 3.32387193e-02
1.39228809e-03 6.10704688e+02 6.10630596e+02 1.87027236e+00 1.82120379e+00 0.00000000e+00 6.10511735e+02 6.08690531e+02 6.10511735e+02 1.43170990e-05 2.77017021e+02 2.76983412e+02 3.36083709e-02
1.46288688e-03 6.09234325e+02 6.09159094e+02 1.49825831e+00 1.52924846e+00 0.00000000e+00 6.09041528e+02 6.07512279e+02 6.09041528e+02 1.42825949e-05 2.76350060e+02 2.76315936e+02 3.41246461e-02
1.53471629e-03 6.07720605e+02 6.07643915e+02 1.68281061e+00 1.71625665e+00 0.00000000e+00 6.07528084e+02 6.05811827e+02 6.07528084e+02 1.42470818e-05 2.75663434e+02 2.75628647e+02 3.47868022e-02
1.60766889e-03 6.06166667e+02 6.06088222e+02 1.81914854e+00 1.79048755e+00 0.00000000e+00 6.05974364e+02 6.04183876e+02 6.05974364e+02 1.42106284e-05 2.74958564e+02 2.74922981e+02 3.55830196e-02
1.68164555e-03 6.04575525e+02 6.04495076e+02 1.53749926e+00 1.42938849e+00 0.00000000e+00 6.04383285e+02 6.02953897e+02 6.04383285e+02 1.41733015e-05 2.74236819e+02 2.74200327e+02 3.64918634e-02
1.75655533e-03 6.02950098e+02 6.02867458e+02 9.74400712e-01 8.13684185e-01 0.00000000e+00 6.02757821e+02 6.01944137e+02 6.02757821e+02 1.41351692e-05 2.73499521e+02 2.73462035e+02 3.74855637e-02
1.83231527e-03 6.01293155e+02 6.01208198e+02 5.46287970e-01 3.69696214e-01 0.00000000e+00 6.01100876e+02 6.00731180e+02 6.01100876e+02 1.40962993e-05 2.72747928e+02 2.72709392e+02 3.85364673e-02
1.90884996e-03 5.99607331e+02 5.99519988e+02 4.96435915e-01 3.20007824e-01 0.00000000e+00 5.99415161e+02 5.99095154e+02 5.99415161e+02 1.40567561e-05 2.71983234e+02 2.71943616e+02 3.96187547e-02
1.98609104e-03 5.97895129e+02 5.97805375e+02 6.75012649e-01 4.95350618e-01 0.00000000e+00 5.97703141e+02 5.97207791e+02 5.97703141e+02 1.40165980e-05 2.71206576e+02 2.71165863e+02 4.07128969e-02
2.06397669e-03 5.96158829e+02 5.96066663e+02 7.38589932e-01 5.58125865e-01 0.00000000e+00 5.95966996e+02 5.95408870e+02 5.95966996e+02 1.39758758e-05 2.70418986e+02 2.70377179e+02 4.18070417e-02
2.14245106e-03 5.94400656e+02 5.94306084e+02 5.19374210e-01 3.74004785e-01 0.00000000e+00 5.94208905e+02 5.93834900e+02 5.94208905e+02 1.39346399e-05 2.69621475e+02 2.69578577e+02 4.28982846e-02
2.22146375e-03 5.92622619e+02 5.92525639e+02 1.70567231e-01 3.19616162e-01 0.00000000e+00 5.92430948e+02 5.92111332e+02 5.92430948e+02 1.38929381e-05 2.68814953e+02 2.68770963e+02 4.39904133e-02
2.30096929e-03 5.90826619e+02 5.90727206e+02 -3.47050770e-02 6.68249762e-01 0.00000000e+00 5.90635104e+02 5.89966854e+02 5.90635104e+02 1.38508173e-05 2.68000284e+02 2.67955190e+02 4.50937925e-02
2.38092666e-03 5.89014355e+02 5.88912453e+02 -1.12899046e-03 1.15897990e+00 0.00000000e+00 5.88823052e+02 5.87664072e+02 5.88823052e+02 1.38083175e-05 2.67178237e+02 2.67132014e+02 4.62230483e-02
2.46129885e-03 5.87187498e+02 5.87083019e+02 1.16717414e-01 1.42556687e+00 0.00000000e+00 5.86996384e+02 5.85570818e+02 5.86996384e+02 1.37654760e-05 2.66349570e+02 2.66302178e+02 4.73920673e-02
2.54205242e-03 5.85347531e+02 5.85240355e+02 1.15404824e-01 1.36080103e+00 0.00000000e+00 5.85156531e+02 5.83795730e+02 5.85156531e+02 1.37223258e-05 2.65514957e+02 2.65466342e+02 4.86156591e-02
2.62315718e-03 5.83495880e+02 5.83385862e+02 -3.29340996e-02 1.14667418e+00 0.00000000e+00 5.83304929e+02 5.82158255e+02 5.83304929e+02 1.36789004e-05 2.64675044e+02 2.64625140e+02 4.99043345e-02
2.70458582e-03 5.81633815e+02 5.81520803e+02 -1.78446999e-01 1.02694986e+00 0.00000000e+00 5.81442905e+02 5.80415955e+02 5.81442905e+02 1.36352306e-05 2.63830407e+02 2.63779145e+02 5.12625380e-02
2.78631360e-03 5.79762511e+02 5.79646348e+02 -1.87574804e-01 1.07835391e+00 0.00000000e+00 5.79571664e+02 5.78493310e+02 5.79571664e+02 1.35913450e-05 2.62981579e+02 2.62928888e+02 5.26917616e-02
2.86831812e-03 5.77883114e+02 5.77763651e+02 -9.31580354e-02 1.18187269e+00 0.00000000e+00 5.77692335e+02 5.76510462e+02 5.77692335e+02 1.35472702e-05 2.62129081e+02 2.62074892e+02 5.41888891e-02
2.95057905e-03 5.75996624e+02 5.75873729e+02 -3.67210696e-02 1.18333922e+00 0.00000000e+00 5.75805874e+02 5.74622535e+02 5.75805874e+02 1.35030286e-05 2.61273365e+02 2.61217619e+02 5.57455879e-02
3.03307789e-03 5.74104056e+02 5.73977616e+02 -9.15343011e-02 1.05841527e+00 0.00000000e+00 5.73913284e+02 5.72854869e+02 5.73913284e+02 1.34586436e-05 2.60414892e+02 2.60357538e+02 5.73536201e-02
3.11579785e-03 5.72206155e+02 5.72076077e+02 -1.82656726e-01 9.17690200e-01 0.00000000e+00 5.72015339e+02 5.71097649e+02 5.72015339e+02 1.34141330e-05 2.59553999e+02 2.59494996e+02 5.90036828e-02
3.19872362e-03 5.70303332e+02 5.70169541e+02 -6.35677383e-01 -6.47428978e-01 0.00000000e+00 5.70112226e+02 5.70759655e+02 5.70112226e+02 1.33695055e-05 2.58690875e+02 2.58630187e+02 6.06877487e-02
3.28184122e-03 5.68396981e+02 5.68259414e+02 -6.01873368e-01 -6.12999928e-01 0.00000000e+00 5.68205855e+02 5.68818855e+02 5.68205855e+02 1.33247976e-05 2.57826149e+02 2.57763749e+02 6.24005684e-02
3.36513792e-03 5.66488005e+02 5.66346606e+02 -5.70521446e-01 -5.81068437e-01 0.00000000e+00 5.66296851e+02 5.66877919e+02 5.66296851e+02 1.32800280e-05 2.56960234e+02 2.56896095e+02 6.41389966e-02
3.44860203e-03 5.64576479e+02 5.64431189e+02 -5.41409279e-01 -5.51418030e-01 0.00000000e+00 5.64385288e+02 5.64936706e+02 5.64385288e+02 1.32351987e-05 2.56093161e+02 2.56027257e+02 6.59039306e-02
3.53222289e-03 5.62662248e+02 5.62513003e+02 -5.14345379e-01 -5.23853526e-01 0.00000000e+00 5.62471010e+02 5.62994863e+02 5.62471010e+02 1.31903058e-05 2.55224862e+02 2.55157164e+02 6.76978636e-02
3.61599069e-03 5.60749011e+02 5.60595737e+02 -4.89104285e-01 -4.98146107e-01 0.00000000e+00 5.60557713e+02 5.61055859e+02 5.60557713e+02 1.31454360e-05 2.54357013e+02 2.54287488e+02 6.95252554e-02
3.69989646e-03 5.58834720e+02 5.58677333e+02 -4.65566208e-01 -4.74173066e-01 0.00000000e+00 5.58643349e+02 5.59117522e+02 5.58643349e+02 1.31005414e-05 2.53488687e+02 2.53417295e+02 7.13915313e-02
3.78393191e-03 5.56919870e+02 5.56758272e+02 -4.43585101e-01 -4.51785693e-01 0.00000000e+00 5.56728409e+02 5.57180195e+02 5.56728409e+02 1.30556333e-05 2.52620106e+02 2.52546805e+02 7.33012363e-02
3.86808945e-03 5.54992733e+02 5.54826819e+02 -4.23181949e-01 -4.31002735e-01 0.00000000e+00 5.54801170e+02 5.55232172e+02 5.54801170e+02 1.30104370e-05 2.51745952e+02 2.51670694e+02 7.52587413e-02
3.95236207e-03 5.53079074e+02 5.52908738e+02 -4.03921417e-01 -4.11386389e-01 0.00000000e+00 5.52887387e+02 5.53298773e+02 5.52887387e+02 1.29655563e-05 2.50877912e+02 2.50800648e+02 7.72647465e-02
4.03674329e-03 5.51165774e+02 5.50990905e+02 -3.85869557e-01 -3.93000935e-01 0.00000000e+00 5.50973946e+02 5.51366947e+02 5.50973946e+02 1.29206836e-05 2.50010035e+02 2.49930714e+02 7.93210702e-02
4.12122716e-03 5.49253547e+02 5.49074041e+02 -3.68927496e-01 -3.75745743e-01 0.00000000e+00 5.49061559e+02 5.49437305e+02 5.49061559e+02 1.28758359e-05 2.49142645e+02 2.49061220e+02 8.14242038e-02
4.20580814e-03 5.47343904e+02 5.47159662e+02 -3.52996465e-01 -3.59520440e-01 0.00000000e+00 5.47151741e+02 5.47511262e+02 5.47151741e+02 1.28310484e-05 2.48276426e+02 2.48192854e+02 8.35724847e-02
4.29048114e-03 5.45438718e+02 5.45249650e+02 -3.37983154e-01 -3.44230261e-01 0.00000000e+00 5.45246364e+02 5.45590594e+02 5.45246364e+02 1.27863651e-05 2.47412230e+02 2.47326468e+02 8.57615995e-02
4.37524140e-03 5.43537813e+02 5.43343838e+02 -3.23824725e-01 -3.29811069e-01 0.00000000e+00 5.43345253e+02 5.43675064e+02 5.43345253e+02 1.27417819e-05 2.46549975e+02 2.46461987e+02 8.79874252e-02
4.46008455e-03 5.41631866e+02 5.41432911e+02 -3.10548451e-01 -3.16289037e-01 0.00000000e+00 5.41439090e+02 5.41755379e+02 5.41439090e+02 1.26970803e-05 2.45685433e+02 2.45595187e+02 9.02465119e-02
4.54500651e-03 5.39729457e+02 5.39525452e+02 -2.98011551e-01 -3.03520213e-01 0.00000000e+00 5.39536453e+02 5.39839973e+02 5.39536453e+02 1.26524615e-05 2.44822496e+02 2.44729959e+02 9.25370881e-02
4.63000349e-03 5.37831722e+02 5.37622603e+02 -2.86154296e-01 -2.91443874e-01 0.00000000e+00 5.37638478e+02 5.37929922e+02 5.37638478e+02 1.26079520e-05 2.43961679e+02 2.43866822e+02 9.48569624e-02
4.71507196e-03 5.35936937e+02 5.35722639e+02 -2.74945024e-01 -2.80027470e-01 0.00000000e+00 5.35743442e+02 5.36023469e+02 5.35743442e+02 1.25635115e-05 2.43102200e+02 2.43004994e+02 9.72062811e-02
4.80020866e-03 5.34045286e+02 5.33825740e+02 -2.64338203e-01 -2.69224637e-01 0.00000000e+00 5.33851527e+02 5.34120752e+02 5.33851527e+02 1.25191443e-05 2.42244143e+02 2.42144557e+02 9.95868056e-02
4.88541052e-03 5.32155128e+02 5.31930261e+02 -2.54307389e-01 -2.59008189e-01 0.00000000e+00 5.31961094e+02 5.32220102e+02 5.31961094e+02 1.24748118e-05 2.41386763e+02 2.41284763e+02 1.02000081e-01
4.97067471e-03 5.30269561e+02 5.30039299e+02 -2.44791086e-01 -2.49315909e-01 0.00000000e+00 5.30075238e+02 5.30324554e+02 5.30075238e+02 1.24305867e-05 2.40531466e+02 2.40427018e+02 1.04447546e-01
5.05599856e-03 5.28387649e+02 5.28151910e+02 -2.35762927e-01 -2.40120798e-01 0.00000000e+00 5.28193024e+02 5.28433144e+02 5.28193024e+02 1.23864470e-05 2.39677827e+02 2.39570895e+02 1.06932023e-01
5.14137960e-03 5.26517330e+02 5.26276029e+02 -2.27136242e-01 -2.31335541e-01 0.00000000e+00 5.26322384e+02 5.26553719e+02 5.26322384e+02 1.23425788e-05 2.38829445e+02 2.38719991e+02 1.09454460e-01
5.22681552e-03 5.24643674e+02 5.24396726e+02 -2.18990098e-01 -2.23038773e-01 0.00000000e+00 5.24448396e+02 5.24671435e+02 5.24448396e+02 1.22986321e-05 2.37979551e+02 2.37867535e+02 1.12016333e-01
5.31230415e-03 5.22773676e+02 5.22520997e+02 -2.11246280e-01 -2.15151725e-01 0.00000000e+00 5.22578051e+02 5.22793202e+02 5.22578051e+02 1.22547709e-05 2.37131316e+02 2.37016700e+02 1.14615948e-01
5.39784347e-03 5.20908370e+02 5.20649878e+02 -2.03873352e-01 -2.07642493e-01 0.00000000e+00 5.20712383e+02 5.20920026e+02 5.20712383e+02 1.22110194e-05 2.36285209e+02 2.36167956e+02 1.17252254e-01
5.48343158e-03 5.19047414e+02 5.18783033e+02 -1.96851611e-01 -2.00490950e-01 0.00000000e+00 5.18851052e+02 5.19051543e+02 5.18851052e+02 1.21673696e-05 2.35441075e+02 2.35321151e+02 1.19923863e-01
5.56906673e-03 5.17190400e+02 5.16920055e+02 -1.90162725e-01 -1.93678373e-01 0.00000000e+00 5.16993650e+02 5.17187328e+02 5.16993650e+02 1.21238119e-05 2.34598729e+02 2.34476100e+02 1.22629164e-01
5.65474725e-03 5.15338260e+02 5.15061889e+02 -1.83781972e-01 -1.87179668e-01 0.00000000e+00 5.15141111e+02 5.15328290e+02 5.15141111e+02 1.20803684e-05 2.33758594e+02 2.33633232e+02 1.25362606e-01
5.74047159e-03 5.13490440e+02 5.13207978e+02 -1.77693719e-01 -1.80978864e-01 0.00000000e+00 5.13292879e+02 5.13473858e+02 5.13292879e+02 1.20370258e-05 2.32920419e+02 2.32792294e+02 1.28125264e-01
5.82623829e-03 5.11647105e+02 5.11358489e+02 -1.71881009e-01 -1.75058690e-01 0.00000000e+00 5.11449122e+02 5.11624181e+02 5.11449122e+02 1.19937883e-05 2.32084278e+02 2.31953361e+02 1.30916828e-01
5.91204600e-03 5.09808386e+02 5.09513562e+02 -1.66327824e-01 -1.69402835e-01 0.00000000e+00 5.09609971e+02 5.09779374e+02 5.09609971e+02 1.19506587e-05 2.31250231e+02 2.31116498e+02 1.33732811e-01
5.99789343e-03 5.07974046e+02 5.07672959e+02 -1.61020263e-01 -1.63997124e-01 0.00000000e+00 5.07775188e+02 5.07939185e+02 5.07775188e+02 1.19076316e-05 2.30418170e+02 2.30281596e+02 1.36573721e-01
6.08377940e-03 5.06144384e+02 5.05836975e+02 -1.55943245e-01 -1.58826223e-01 0.00000000e+00 5.05945073e+02 5.06103899e+02 5.05945073e+02 1.18647140e-05 2.29588231e+02 2.29448790e+02 1.39441043e-01
6.16970278e-03 5.04319698e+02 5.04005914e+02 -1.51083101e-01 -1.53876226e-01 0.00000000e+00 5.04119924e+02 5.04273800e+02 5.04119924e+02 1.18219128e-05 2.28760550e+02 2.28618216e+02 1.42333480e-01
6.25566252e-03 5.02499673e+02 5.02179449e+02 -1.46429472e-01 -1.49136552e-01 0.00000000e+00 5.02299424e+02 5.02448561e+02 5.02299424e+02 1.17792207e-05 2.27934982e+02 2.27789728e+02 1.45254425e-01
6.34165763e-03 5.00684557e+02 5.00357828e+02 -1.41969954e-01 -1.44594592e-01 0.00000000e+00 5.00483821e+02 5.00628415e+02 5.00483821e+02 1.17366435e-05 2.27111641e+02 2.26963436e+02 1.48204995e-01
6.42768720e-03 4.98874215e+02 4.98540922e+02 -1.37695309e-01 -1.40240914e-01 0.00000000e+00 4.98672982e+02 4.98813222e+02 4.98672982e+02 1.16941779e-05 2.26290466e+02 2.26139284e+02 1.51182588e-01
6.51375036e-03 4.97068667e+02 4.96728749e+02 -1.33595645e-01 -1.36065450e-01 0.00000000e+00 4.96866925e+02 4.97002991e+02 4.96866925e+02 1.16518246e-05 2.25471466e+02 2.25317278e+02 1.54187979e-01
6.59984631e-03 4.95268080e+02 4.94921469e+02 -1.29660828e-01 -1.32057894e-01 0.00000000e+00 4.95065817e+02 4.95197875e+02 4.95065817e+02 1.16095873e-05 2.24654715e+02 2.24497492e+02 1.57223600e-01
6.68597428e-03 4.93472355e+02 4.93118991e+02 -1.25883137e-01 -1.28210368e-01 0.00000000e+00 4.93269560e+02 4.93397771e+02 4.93269560e+02 1.15674637e-05 2.23840171e+02 2.23679884e+02 1.60287029e-01
6.77213358e-03 4.91681318e+02 4.91321147e+02 -1.22255715e-01 -1.24515867e-01 0.00000000e+00 4.91477982e+02 4.91602498e+02 4.91477982e+02 1.15254499e-05 2.23027752e+02 2.22864378e+02 1.63374702e-01
6.85832354e-03 4.89895434e+02 4.89528396e+02 -1.18768571e-01 -1.20964261e-01 0.00000000e+00 4.89691545e+02 4.89812509e+02 4.89691545e+02 1.14835567e-05 2.22217671e+02 2.22051182e+02 1.66489297e-01
6.94454354e-03 4.88114311e+02 4.87740352e+02 -1.15416533e-01 -1.17550249e-01 0.00000000e+00 4.87909858e+02 4.88027409e+02 4.87909858e+02 1.14417749e-05 2.21409750e+02 2.21240121e+02 1.69628689e-01
7.03079302e-03 4.86338233e+02 4.85957298e+02 -1.12191625e-01 -1.14265730e-01 0.00000000e+00 4.86133207e+02 4.86247473e+02 4.86133207e+02 1.14001111e-05 2.20604117e+02 2.20431324e+02 1.72792755e-01
7.11707144e-03 4.84567820e+02 4.84179870e+02 -1.09086289e-01 -1.11103032e-01 0.00000000e+00 4.84362213e+02 4.84473316e+02 4.84362213e+02 1.13585801e-05 2.19801053e+02 2.19625078e+02 1.75975106e-01
7.20337830e-03 4.82800778e+02 4.82405761e+02 -1.06102329e-01 -1.08063855e-01 0.00000000e+00 4.82594581e+02 4.82702645e+02 4.82594581e+02 1.13171279e-05 2.18999519e+02 2.18820338e+02 1.79180774e-01
7.28971313e-03 4.81039360e+02 4.80637226e+02 -1.03225878e-01 -1.05134223e-01 0.00000000e+00 4.80832563e+02 4.80937697e+02 4.80832563e+02 1.12758073e-05 2.18200536e+02 2.18018127e+02 1.82408688e-01
7.37607552e-03 4.79282904e+02 4.78873606e+02 -1.00454369e-01 -1.02311476e-01 0.00000000e+00 4.79075498e+02 4.79177810e+02 4.79075498e+02 1.12346030e-05 2.17403804e+02 2.17218145e+02 1.85658532e-01
7.46246507e-03 4.77531367e+02 4.77114857e+02 -9.77831888e-02 -9.95909113e-02 0.00000000e+00 4.77323343e+02 4.77422934e+02 4.77323343e+02 1.11935137e-05 2.16609303e+02 2.16420373e+02 1.88929730e-01
7.54888142e-03 4.75785619e+02 4.75361852e+02 -9.52048654e-02 -9.69649674e-02 0.00000000e+00 4.75576968e+02 4.75673933e+02 4.75576968e+02 1.11525600e-05 2.15817427e+02 2.15625206e+02 1.92221649e-01
7.63532422e-03 4.74043285e+02 4.73612212e+02 -9.27226103e-02 -9.44367828e-02 0.00000000e+00 4.73833999e+02 4.73928436e+02 4.73833999e+02 1.11116862e-05 2.15027101e+02 2.14831565e+02 1.95535482e-01
7.72179319e-03 4.72306488e+02 4.71868058e+02 -9.03251840e-02 -9.19950347e-02 0.00000000e+00 4.72096556e+02 4.72188551e+02 4.72096556e+02 1.10709420e-05 2.14239285e+02 2.14040413e+02 1.98872549e-01
7.80828802e-03 4.70574541e+02 4.70128716e+02 -8.80114890e-02 -8.96385569e-02 0.00000000e+00 4.70363957e+02 4.70453595e+02 4.70363957e+02 1.10303114e-05 2.13453671e+02 2.13251443e+02 2.02227425e-01
7.89480849e-03 4.68847531e+02 4.68394259e+02 -8.57768298e-02 -8.73625841e-02 0.00000000e+00 4.68636284e+02 4.68723647e+02 4.68636284e+02 1.09897963e-05 2.12670295e+02 2.12464690e+02 2.05604995e-01
7.98135435e-03 4.67126362e+02 4.66665606e+02 -8.36157393e-02 -8.51615835e-02 0.00000000e+00 4.66914445e+02 4.66999606e+02 4.66914445e+02 1.09494180e-05 2.11889569e+02 2.11680569e+02 2.08999851e-01
8.06792541e-03 4.65407789e+02 4.64939500e+02 -8.15334720e-02 -8.30407562e-02 0.00000000e+00 4.65195193e+02 4.65278234e+02 4.65195193e+02 1.09091005e-05 2.11110020e+02 2.10897603e+02 2.12416704e-01
8.15452148e-03 4.63696686e+02 4.63220831e+02 -7.95136870e-02 -8.09836914e-02 0.00000000e+00 4.63483404e+02 4.63564388e+02 4.63483404e+02 1.08689579e-05 2.10333860e+02 2.10118011e+02 2.15848711e-01
8.24114240e-03 4.61987983e+02 4.61504530e+02 -7.75674727e-02 -7.90014362e-02 0.00000000e+00 4.61774009e+02 4.61853011e+02 4.61774009e+02 1.08288714e-05 2.09558789e+02 2.09339493e+02 2.19295524e-01
8.32778805e-03 4.60285964e+02 4.59794875e+02 -7.56800626e-02 -7.70791605e-02 0.00000000e+00 4.60071290e+02 4.60148369e+02 4.60071290e+02 1.07889416e-05 2.08786749e+02 2.08563990e+02 2.22758947e-01
8.41445830e-03 4.58588919e+02 4.58090162e+02 -7.38534075e-02 -7.52187701e-02 0.00000000e+00 4.58373539e+02 4.58448758e+02 4.58373539e+02 1.07491282e-05 2.08016966e+02 2.07790728e+02 2.26237382e-01
8.50115306e-03 4.56894952e+02 4.56388496e+02 -7.20899778e-02 -7.34226940e-02 0.00000000e+00 4.56678860e+02 4.56752282e+02 4.56678860e+02 1.07093869e-05 2.07248578e+02 2.07018849e+02 2.29729532e-01
8.58787226e-03 4.55206751e+02 4.54692569e+02 -7.03804467e-02 -7.16815540e-02 0.00000000e+00 4.54989940e+02 4.55061622e+02 4.54989940e+02 1.06697806e-05 2.06482807e+02 2.06249572e+02 2.33234403e-01
8.67461583e-03 4.53523796e+02 4.53001855e+02 -6.87237545e-02 -6.99942494e-02 0.00000000e+00 4.53306260e+02 4.53376254e+02 4.53306260e+02 1.06302972e-05 2.05719414e+02 2.05482661e+02 2.36753513e-01
8.76138374e-03 4.51845907e+02 4.51316175e+02 -6.71180916e-02 -6.83589306e-02 0.00000000e+00 4.51627639e+02 4.51695998e+02 4.51627639e+02 1.05909325e-05 2.04958320e+02 2.04718032e+02 2.40287916e-01
8.84817597e-03 4.50171833e+02 4.49634283e+02 -6.55648922e-02 -6.67769979e-02 0.00000000e+00 4.49952828e+02 4.50019605e+02 4.49952828e+02 1.05516571e-05 2.04198956e+02 2.03955122e+02 2.43833800e-01
8.93499251e-03 4.48502546e+02 4.47957139e+02 -6.40589972e-02 -6.52432517e-02 0.00000000e+00 4.48282796e+02 4.48348039e+02 4.48282796e+02 1.05124938e-05 2.03441764e+02 2.03194366e+02 2.47397837e-01
9.02183338e-03 4.46838949e+02 4.46285663e+02 -6.25969238e-02 -6.37541736e-02 0.00000000e+00 4.46618449e+02 4.46682203e+02 4.46618449e+02 1.04734638e-05 2.02687153e+02 2.02436181e+02 2.50971981e-01
9.10869862e-03 4.45178660e+02 4.44617468e+02 -6.11823302e-02 -6.23133943e-02 0.00000000e+00 4.44957405e+02 4.45019718e+02 4.44957405e+02 1.04345112e-05 2.01934042e+02 2.01679484e+02 2.54557930e-01
9.19558826e-03 4.43524014e+02 4.42954888e+02 -5.98080529e-02 -6.09137135e-02 0.00000000e+00 4.43301998e+02 4.43362912e+02 4.43301998e+02 1.03956909e-05 2.01183491e+02 2.00925334e+02 2.58156670e-01
9.28250238e-03 4.41874468e+02 4.41297378e+02 -5.84735654e-02 -5.95545756e-02 0.00000000e+00 4.41651684e+02 4.41711239e+02 4.41651684e+02 1.03569900e-05 2.00435253e+02 2.00173484e+02 2.61769321e-01
9.36944105e-03 4.40228590e+02 4.39643518e+02 -5.71807372e-02 -5.82378253e-02 0.00000000e+00 4.40005035e+02 4.40063272e+02 4.40005035e+02 1.03183750e-05 1.99688679e+02 1.99423289e+02 2.65389785e-01
9.45640436e-03 4.38588569e+02 4.37995495e+02 -5.59231324e-02 -5.69569945e-02 0.00000000e+00 4.38364237e+02 4.38421194e+02 4.38364237e+02 1.02798973e-05 1.98944762e+02 1.98675742e+02 2.69019819e-01
9.54339243e-03 4.36951996e+02 4.36350893e+02 -5.47044008e-02 -5.57157119e-02 0.00000000e+00 4.36726882e+02 4.36782598e+02 4.36726882e+02 1.02415003e-05 1.98202408e+02 1.97929747e+02 2.72661709e-01
9.63040538e-03 4.35320615e+02 4.34711465e+02 -5.35197198e-02 -5.45091270e-02 0.00000000e+00 4.35094715e+02 4.35149224e+02 4.35094715e+02 1.02032249e-05 1.97462410e+02 1.97186098e+02 2.76312015e-01
9.71744335e-03 4.33694126e+02 4.33076912e+02 -5.23682225e-02 -5.33363493e-02 0.00000000e+00 4.33467436e+02 4.33520772e+02 4.33467436e+02 1.01650642e-05 1.96724631e+02 1.96444662e+02 2.79969552e-01
9.80450649e-03 4.32071995e+02 4.31446701e+02 -5.12499969e-02 -5.21974460e-02 0.00000000e+00 4.31844511e+02 4.31896708e+02 4.31844511e+02 1.01270056e-05 1.95988829e+02 1.95705194e+02 2.83634727e-01
9.89159498e-03 4.30446823e+02 4.29813428e+02 -5.01776552e-02 -5.11050208e-02 0.00000000e+00 4.30218542e+02 4.30269647e+02 4.30218542e+02 1.00888756e-05 1.95251647e+02 1.94964338e+02 2.87309430e-01
9.97870900e-03 4.28841398e+02 4.28199884e+02 -4.91066397e-02 -5.00144523e-02 0.00000000e+00 4.28612312e+02 4.28662326e+02 4.28612312e+02 1.00512085e-05 1.94523423e+02 1.94232431e+02 2.90992030e-01
1.00658487e-02 4.27233358e+02 4.26583716e+02 -4.80785549e-02 -4.89673677e-02 0.00000000e+00 4.27003466e+02 4.27052434e+02 4.27003466e+02 1.00134801e-05 1.93794013e+02 1.93499333e+02 2.94679204e-01
1.01530144e-02 4.25629848e+02 4.24972069e+02 -4.70786905e-02 -4.79490243e-02 0.00000000e+00 4.25399147e+02 4.25447096e+02 4.25399147e+02 9.97585782e-06 1.93066657e+02 1.92768287e+02 2.98370322e-01
1.02402062e-02 4.24030834e+02 4.23364897e+02 -4.61062518e-02 -4.69586094e-02 0.00000000e+00 4.23799320e+02 4.23846278e+02 4.23799320e+02 9.93834087e-06 1.92341340e+02 1.92039270e+02 3.02070771e-01
1.03274245e-02 4.22436278e+02 4.21762179e+02 -4.51602150e-02 -4.59950817e-02 0.00000000e+00 4.22203948e+02 4.22249943e+02 4.22203948e+02 9.90092842e-06 1.91618046e+02 1.91312274e+02 3.05772585e-01
1.04146694e-02 4.20839196e+02 4.20156924e+02 -4.42517875e-02 -4.50696442e-02 0.00000000e+00 4.20606050e+02 4.20651120e+02 4.20606050e+02 9.86345673e-06 1.90893606e+02 1.90584126e+02 3.09480213e-01
1.05019412e-02 4.19260882e+02 4.18570422e+02 -4.33431323e-02 -4.41444067e-02 0.00000000e+00 4.19026912e+02 4.19071056e+02 4.19026912e+02 9.82642496e-06 1.90177680e+02 1.89864485e+02 3.13194209e-01
1.05892402e-02 4.17679784e+02 4.16981132e+02 -4.24709217e-02 -4.32560642e-02 0.00000000e+00 4.17444990e+02 4.17488246e+02 4.17444990e+02 9.78932792e-06 1.89460490e+02 1.89143580e+02 3.16910308e-01
1.06765667e-02 4.16103210e+02 4.15396361e+02 -4.16213408e-02 -4.23907737e-02 0.00000000e+00 4.15867589e+02 4.15909980e+02 4.15867589e+02 9.75233690e-06 1.88745352e+02 1.88424724e+02 3.20628263e-01
1.07639210e-02 4.14525503e+02 4.13810447e+02 -4.08030025e-02 -4.15571436e-02 0.00000000e+00 4.14289054e+02 4.14330612e+02 4.14289054e+02 9.71531930e-06 1.88029701e+02 1.87705350e+02 3.24350629e-01
1.08513035e-02 4.12964794e+02 4.12241532e+02 -3.99861269e-02 -4.07253518e-02 0.00000000e+00 4.12727513e+02 4.12768239e+02 4.12727513e+02 9.67870020e-06 1.87321760e+02 1.86993687e+02 3.28073123e-01
1.09387144e-02 4.11401817e+02 4.10670342e+02 -3.92005443e-02 -3.99252455e-02 0.00000000e+00 4.11163703e+02 4.11203629e+02 4.11163703e+02 9.64202790e-06 1.86612790e+02 1.86280991e+02 3.31798747e-01
1.10261541e-02 4.09843270e+02 4.09103576e+02 -3.84350189e-02 -3.91455665e-02 0.00000000e+00 4.09604321e+02 4.09643467e+02 4.09604321e+02 9.60545944e-06 1.85905829e+02 1.85570303e+02 3.35526739e-01
1.11136230e-02 4.08288321e+02 4.07540409e+02 -3.76901778e-02 -3.83869308e-02 0.00000000e+00 4.08048536e+02 4.08086923e+02 4.08048536e+02 9.56897533e-06 1.85200501e+02 1.84861246e+02 3.39254769e-01
1.12011215e-02 4.06739132e+02 4.05983011e+02 -3.69621344e-02 -3.76454376e-02 0.00000000e+00 4.06498511e+02 4.06536156e+02 4.06498511e+02 9.53262629e-06 1.84497786e+02 1.84154807e+02 3.42978404e-01
1.12886499e-02 4.05193645e+02 4.04429309e+02 -3.62532897e-02 -3.69234794e-02 0.00000000e+00 4.04952185e+02 4.04989109e+02 4.04952185e+02 9.49636402e-06 1.83796749e+02 1.83450045e+02 3.46704400e-01
1.13762087e-02 4.03652933e+02 4.02880383e+02 -3.55615862e-02 -3.62189869e-02 0.00000000e+00 4.03410634e+02 4.03446853e+02 4.03410634e+02 9.46021370e-06 1.83097879e+02 1.82747448e+02 3.50430217e-01
1.14637983e-02 4.02110135e+02 4.01329370e+02 -3.48959128e-02 -3.55408480e-02 0.00000000e+00 4.01866996e+02 4.01902537e+02 4.01866996e+02 9.42401446e-06 1.82398062e+02 1.82043905e+02 3.54156414e-01
1.15514191e-02 4.00585165e+02 3.99796203e+02 -3.42278007e-02 -3.48605565e-02 0.00000000e+00 4.00341184e+02 4.00376045e+02 4.00341184e+02 9.38823325e-06 1.81706332e+02 1.81348457e+02 3.57874991e-01
1.16390716e-02 3.99051486e+02 3.98254322e+02 -3.35942053e-02 -3.42150958e-02 0.00000000e+00 3.98806666e+02 3.98840881e+02 3.98806666e+02 9.35224786e-06 1.81010652e+02 1.80649057e+02 3.61595169e-01
1.17267562e-02 3.97535032e+02 3.96729685e+02 -3.29583299e-02 -3.35676237e-02 0.00000000e+00 3.97289370e+02 3.97322938e+02 3.97289370e+02 9.31666636e-06 1.80322785e+02 1.79957478e+02 3.65307302e-01
1.18144734e-02 3.96015751e+02 3.95202213e+02 -3.23472259e-02 -3.29452102e-02 0.00000000e+00 3.95769246e+02 3.95802192e+02 3.95769246e+02 9.28101854e-06 1.79633636e+02 1.79264613e+02 3.69022608e-01
1.19022237e-02 3.94501307e+02 3.93679599e+02 -3.17502612e-02 -3.23372049e-02 0.00000000e+00 3.94253962e+02 3.94286299e+02 3.94253962e+02 9.24548420e-06 1.78946681e+02 1.78573952e+02 3.72728719e-01
1.19900077e-02 3.92991978e+02 3.92162110e+02 -3.11663759e-02 -3.17425393e-02 0.00000000e+00 3.92743792e+02 3.92775534e+02 3.92743792e+02 9.21006981e-06 1.78262045e+02 1.77885615e+02 3.76429924e-01
1.20778258e-02 3.91478846e+02 3.90640810e+02 -3.06064776e-02 -3.11721239e-02 0.00000000e+00 3.91229819e+02 3.91260992e+02 3.91229819e+02 9.17456625e-06 1.77575685e+02 1.77195551e+02 3.80134845e-01
1.21656786e-02 3.89984437e+02 3.89138258e+02 -3.00416406e-02 -3.05969977e-02 0.00000000e+00 3.89734568e+02 3.89765165e+02 3.89734568e+02 9.13950170e-06 1.76897818e+02 1.76513989e+02 3.83828822e-01
1.22535667e-02 3.88482154e+02 3.87627850e+02 -2.95050985e-02 -3.00504203e-02 0.00000000e+00 3.88231448e+02 3.88261499e+02 3.88231448e+02 9.10425263e-06 1.76216379e+02 1.75828865e+02 3.87514142e-01
1.23414906e-02 3.86995538e+02 3.86133100e+02 -2.89669306e-02 -2.95024344e-02 0.00000000e+00 3.86743989e+02 3.86773491e+02 3.86743989e+02 9.06937082e-06 1.75542047e+02 1.75150843e+02 3.91203724e-01
1.24294509e-02 3.85502501e+02 3.84631973e+02 -2.84542341e-02 -2.89801582e-02 0.00000000e+00 3.85250118e+02 3.85279098e+02 3.85250118e+02 9.03433865e-06 1.74864802e+02 1.74469928e+02 3.94873812e-01
1.25174482e-02 3.84018384e+02 3.83139776e+02 -2.79478707e-02 -2.84644282e-02 0.00000000e+00 3.83765165e+02 3.83793629e+02 3.83765165e+02 8.99951561e-06 1.74191603e+02 1.73793065e+02 3.98538230e-01
1.26054832e-02 3.82543701e+02 3.81657019e+02 -2.74466428e-02 -2.79540392e-02 0.00000000e+00 3.82289645e+02 3.82317599e+02 3.82289645e+02 8.96491378e-06 1.73522684e+02 1.73120482e+02 4.02201150e-01
1.26935565e-02 3.81061767e+02 3.80167031e+02 -2.69701726e-02 -2.74686275e-02 0.00000000e+00 3.80806879e+02 3.80834347e+02 3.80806879e+02 8.93014203e-06 1.72850475e+02 1.72444621e+02 4.05854368e-01
1.27816688e-02 3.79591927e+02 3.78689164e+02 -2.64954760e-02 -2.69851806e-02 0.00000000e+00 3.79336207e+02 3.79363193e+02 3.79336207e+02 8.89565391e-06 1.72183752e+02 1.71774257e+02 4.09495459e-01
1.28698206e-02 3.78129784e+02 3.77218992e+02 -2.60272578e-02 -2.65084024e-02 0.00000000e+00 3.77873230e+02 3.77899739e+02 3.77873230e+02 8.86134622e-06 1.71520521e+02 1.71107384e+02 4.13136914e-01
1.29580129e-02 3.76658637e+02 3.75739864e+02 -2.55844553e-02 -2.60572444e-02 0.00000000e+00 3.76401260e+02 3.76427317e+02 3.76401260e+02 8.82682763e-06 1.70853205e+02 1.70436448e+02 4.16757538e-01
1.30462461e-02 3.75209114e+02 3.74282382e+02 -2.51325954e-02 -2.55971942e-02 0.00000000e+00 3.74950910e+02 3.74976507e+02 3.74950910e+02 8.79281607e-06 1.70195698e+02 1.69775331e+02 4.20367484e-01
1.31345211e-02 3.73756133e+02 3.72821460e+02 -2.46988259e-02 -2.51554214e-02 0.00000000e+00 3.73497106e+02 3.73522262e+02 3.73497106e+02 8.75872351e-06 1.69536623e+02 1.69112653e+02 4.23970034e-01
1.32228387e-02 3.72305523e+02 3.71362921e+02 -2.42760725e-02 -2.47248396e-02 0.00000000e+00 3.72045675e+02 3.72070400e+02 3.72045675e+02 8.72468658e-06 1.68878623e+02 1.68451056e+02 4.27566509e-01
1.33111995e-02 3.70853081e+02 3.69902582e+02 -2.38690777e-02 -2.43101924e-02 0.00000000e+00 3.70592417e+02 3.70616727e+02 3.70592417e+02 8.69060681e-06 1.68219792e+02 1.67788643e+02 4.31148604e-01
1.33996044e-02 3.69414054e+02 3.68455683e+02 -2.34613504e-02 -2.38949676e-02 0.00000000e+00 3.69152574e+02 3.69176469e+02 3.69152574e+02 8.65684163e-06 1.67567046e+02 1.67132327e+02 4.34719118e-01
1.34880543e-02 3.67982421e+02 3.67016208e+02 -2.30592210e-02 -2.34854978e-02 0.00000000e+00 3.67720128e+02 3.67743613e+02 3.67720128e+02 8.62324992e-06 1.66917654e+02 1.66479378e+02 4.38276757e-01
1.35765498e-02 3.66542532e+02 3.65568511e+02 -2.26780536e-02 -2.30971580e-02 0.00000000e+00 3.66279433e+02 3.66302530e+02 3.66279433e+02 8.58946476e-06 1.66264517e+02 1.65822699e+02 4.41817848e-01
1.36650919e-02 3.65120817e+02 3.64139004e+02 -2.22911889e-02 -2.27032589e-02 0.00000000e+00 3.64856909e+02 3.64879612e+02 3.64856909e+02 8.55610574e-06 1.65619624e+02 1.65174272e+02 4.45352432e-01
1.37536815e-02 3.63697486e+02 3.62707915e+02 -2.19182434e-02 -2.23234325e-02 0.00000000e+00 3.63432776e+02 3.63455099e+02 3.63432776e+02 8.52270897e-06 1.64973998e+02 1.64525126e+02 4.48871519e-01
1.38423195e-02 3.62270409e+02 3.61273120e+02 -2.15606575e-02 -2.19591168e-02 0.00000000e+00 3.62004903e+02 3.62026862e+02 3.62004903e+02 8.48922451e-06 1.64326672e+02 1.63874300e+02 4.52372229e-01
1.39310067e-02 3.60862005e+02 3.59857033e+02 -2.11970589e-02 -2.15889151e-02 0.00000000e+00 3.60595704e+02 3.60617293e+02 3.60595704e+02 8.45617796e-06 1.63687817e+02 1.63231960e+02 4.55857350e-01
1.40197441e-02 3.59443814e+02 3.58431190e+02 -2.08536406e-02 -2.12390422e-02 0.00000000e+00 3.59176726e+02 3.59197965e+02 3.59176726e+02 8.42290208e-06 1.63044523e+02 1.62585194e+02 4.59328653e-01
1.41085327e-02 3.58035253e+02 3.57015001e+02 -2.05124565e-02 -2.08915316e-02 0.00000000e+00 3.57767378e+02 3.57788270e+02 3.57767378e+02 8.38985204e-06 1.62405596e+02 1.61942808e+02 4.62788267e-01
1.41973734e-02 3.56639307e+02 3.55611463e+02 -2.01706458e-02 -2.05435162e-02 0.00000000e+00 3.56370648e+02 3.56391192e+02 3.56370648e+02 8.35709789e-06 1.61772392e+02 1.61306160e+02 4.66232447e-01
1.42862673e-02 3.55233447e+02 3.54198048e+02 -1.98481776e-02 -2.02149814e-02 0.00000000e+00 3.54964012e+02 3.54984227e+02 3.54964012e+02 8.32411144e-06 1.61134691e+02 1.60665032e+02 4.69659015e-01
1.43752154e-02 3.53838358e+02 3.52795447e+02 -1.95265519e-02 -1.98874063e-02 0.00000000e+00 3.53568151e+02 3.53588038e+02 3.53568151e+02 8.29137768e-06 1.60501875e+02 1.60028809e+02 4.73066623e-01
1.44642188e-02 3.52448897e+02 3.51398502e+02 -1.92102376e-02 -1.95652613e-02 0.00000000e+00 3.52177921e+02 3.52197486e+02 3.52177921e+02 8.25877595e-06 1.59871613e+02 1.59395151e+02 4.76461481e-01
1.45532786e-02 3.51063147e+02 3.50005338e+02 -1.89008968e-02 -1.92502073e-02 0.00000000e+00 3.50791411e+02 3.50810661e+02 3.50791411e+02 8.22626149e-06 1.59243034e+02 1.58763209e+02 4.79824890e-01
1.46423958e-02 3.49681457e+02 3.48616244e+02 -1.85974080e-02 -1.89411184e-02 0.00000000e+00 3.49408961e+02 3.49427903e+02 3.49408961e+02 8.19384222e-06 1.58616296e+02 1.58133112e+02 4.83183023e-01
1.47315716e-02 3.48303428e+02 3.47230848e+02 -1.83003836e-02 -1.86386051e-02 0.00000000e+00 3.48030178e+02 3.48048817e+02 3.48030178e+02 8.16150895e-06 1.57991219e+02 1.57504694e+02 4.86524719e-01
1.48208072e-02 3.46929280e+02 3.45849387e+02 -1.80095599e-02 -1.83424011e-02 0.00000000e+00 3.46655283e+02 3.46673626e+02 3.46655283e+02 8.12926685e-06 1.57367902e+02 1.56878060e+02 4.89841624e-01
1.49101038e-02 3.45565926e+02 3.44478756e+02 -1.77193539e-02 -1.80469158e-02 0.00000000e+00 3.45291185e+02 3.45309232e+02 3.45291185e+02 8.09727794e-06 1.56749482e+02 1.56256339e+02 4.93142506e-01
1.49994625e-02 3.44193756e+02 3.43099367e+02 -1.74449112e-02 -1.77673062e-02 0.00000000e+00 3.43918282e+02 3.43936049e+02 3.43918282e+02 8.06508256e-06 1.56127062e+02 1.55630645e+02 4.96417413e-01
1.50888848e-02 3.42833022e+02 3.41731451e+02 -1.71699273e-02 -1.74872498e-02 0.00000000e+00 3.42556818e+02 3.42574305e+02 3.42556818e+02 8.03315542e-06 1.55509830e+02 1.55010155e+02 4.99675302e-01
1.51783718e-02 3.41475166e+02 3.40366459e+02 -1.69014814e-02 -1.72138308e-02 0.00000000e+00 3.41198239e+02 3.41215452e+02 3.41198239e+02 8.00129593e-06 1.54893904e+02 1.54390992e+02 5.02911994e-01
1.52679248e-02 3.40122479e+02 3.39006685e+02 -1.66373435e-02 -1.69448145e-02 0.00000000e+00 3.39844834e+02 3.39861779e+02 3.39844834e+02 7.96955780e-06 1.54280322e+02 1.53774195e+02 5.06126599e-01
1.53575452e-02 3.38779299e+02 3.37656442e+02 -1.63740661e-02 -1.66767478e-02 0.00000000e+00 3.38500937e+02 3.38517614e+02 3.38500937e+02 7.93804262e-06 1.53671052e+02 1.53161722e+02 5.09330574e-01
1.54472345e-02 3.37429877e+02 3.36300044e+02 -1.61237026e-02 -1.64216939e-02 0.00000000e+00 3.37150814e+02 3.37167235e+02 3.37150814e+02 7.90638143e-06 1.53058951e+02 1.52546456e+02 5.12494858e-01
1.55369939e-02 3.36093568e+02 3.34956778e+02 -1.58715247e-02 -1.61649081e-02 0.00000000e+00 3.35813803e+02 3.35829968e+02 3.35813803e+02 7.87502776e-06 1.52452799e+02 1.51937148e+02 5.15650470e-01
1.56268250e-02 3.34757432e+02 3.33613736e+02 -1.56266886e-02 -1.59155532e-02 0.00000000e+00 3.34476973e+02 3.34492888e+02 3.34476973e+02 7.84367830e-06 1.51846724e+02 1.51327941e+02 5.18783168e-01
1.57167292e-02 3.33420583e+02 3.32270055e+02 -1.53901300e-02 -1.56745641e-02 0.00000000e+00 3.33139442e+02 3.33155117e+02 3.33139442e+02 7.81231242e-06 1.51240327e+02 1.50718445e+02 5.21882033e-01
1.58067080e-02 3.32096425e+02 3.30939063e+02 -1.51515490e-02 -1.54316289e-02 0.00000000e+00 3.31814597e+02 3.31830029e+02 3.31814597e+02 7.78124403e-06 1.50639685e+02 1.50114704e+02 5.24981712e-01
1.58967631e-02 3.30767519e+02 3.29603450e+02 -1.49241976e-02 -1.52000112e-02 0.00000000e+00 3.30485027e+02 3.30500227e+02 3.30485027e+02 7.75006481e-06 1.50036891e+02 1.49508866e+02 5.28024204e-01
1.59868960e-02 3.29453612e+02 3.28282846e+02 -1.46933024e-02 -1.49649210e-02 0.00000000e+00 3.29170452e+02 3.29185417e+02 3.29170452e+02 7.71923727e-06 1.49440900e+02 1.48909838e+02 5.31061905e-01
1.60771083e-02 3.28135578e+02 3.26958170e+02 -1.44721712e-02 -1.47396771e-02 0.00000000e+00 3.27851761e+02 3.27866501e+02 3.27851761e+02 7.68831319e-06 1.48843036e+02 1.48308962e+02 5.34074765e-01
1.61674017e-02 3.26823495e+02 3.25639505e+02 -1.42537323e-02 -1.45171993e-02 0.00000000e+00 3.26539028e+02 3.26553545e+02 3.26539028e+02 7.65752884e-06 1.48247873e+02 1.47710812e+02 5.37060844e-01
1.62577779e-02 3.25512293e+02 3.24321790e+02 -1.40416370e-02 -1.43011413e-02 0.00000000e+00 3.25227186e+02 3.25241488e+02 3.25227186e+02 7.62676538e-06 1.47653108e+02 1.47113094e+02 5.40014688e-01
1.63482387e-02 3.24211853e+02 3.23014875e+02 -1.38289366e-02 -1.40845458e-02 0.00000000e+00 3.23926110e+02 3.23940195e+02 3.23926110e+02 7.59625437e-06 1.47063226e+02 1.46520274e+02 5.42951667e-01
1.64387859e-02 3.22912989e+02 3.21709599e+02 -1.36214746e-02 -1.38732600e-02 0.00000000e+00 3.22626619e+02 3.22640492e+02 3.22626619e+02 7.56578055e-06 1.46474058e+02 1.45928198e+02 5.45860302e-01
1.65294213e-02 3.21619149e+02 3.20409401e+02 -1.34173904e-02 -1.36654208e-02 0.00000000e+00 3.21332159e+02 3.21345825e+02 3.21332159e+02 7.53542471e-06 1.45887170e+02 1.45338425e+02 5.48744190e-01
1.66201467e-02 3.20323062e+02 3.19107013e+02 -1.32205573e-02 -1.34649026e-02 0.00000000e+00 3.20035462e+02 3.20048927e+02 3.20035462e+02 7.50501639e-06 1.45299261e+02 1.44747659e+02 5.51602294e-01
1.67109642e-02 3.19038192e+02 3.17815922e+02 -1.30233627e-02 -1.32640857e-02 0.00000000e+00 3.18749991e+02 3.18763255e+02 3.18749991e+02 7.47487134e-06 1.44716442e+02 1.44162017e+02 5.54424356e-01
1.68018757e-02 3.17756978e+02 3.16528538e+02 -1.28296481e-02 -1.30668128e-02 0.00000000e+00 3.17468183e+02 3.17481250e+02 3.17468183e+02 7.44481220e-06 1.44135280e+02 1.43578057e+02 5.57223298e-01
1.68928832e-02 3.16476186e+02 3.15241631e+02 -1.26413673e-02 -1.28750380e-02 0.00000000e+00 3.16186806e+02 3.16199681e+02 3.16186806e+02 7.41476315e-06 1.43554310e+02 1.42994313e+02 5.59997096e-01
1.69839889e-02 3.15198684e+02 3.13958089e+02 -1.24570257e-02 -1.26872647e-02 0.00000000e+00 3.14908729e+02 3.14921416e+02 3.14908729e+02 7.38479151e-06 1.42974832e+02 1.42412095e+02 5.62736788e-01
1.70751948e-02 3.13927107e+02 3.12680520e+02 -1.22747686e-02 -1.25016347e-02 0.00000000e+00 3.13636583e+02 3.13649085e+02 3.13636583e+02 7.35495895e-06 1.42398042e+02 1.41832587e+02 5.65454597e-01
1.71665030e-02 3.12658608e+02 3.11406097e+02 -1.20958199e-02 -1.23193716e-02 0.00000000e+00 3.12367526e+02 3.12379845e+02 3.12367526e+02 7.32519880e-06 1.41822648e+02 1.41254506e+02 5.68141757e-01
1.72579160e-02 3.11396838e+02 3.10138483e+02 -1.19191479e-02 -1.21394426e-02 0.00000000e+00 3.11105207e+02 3.11117347e+02 3.11105207e+02 7.29559670e-06 1.41250306e+02 1.40679514e+02 5.70792568e-01
1.73494359e-02 3.10139208e+02 3.08875067e+02 -1.17452903e-02 -1.19623838e-02 0.00000000e+00 3.09847037e+02 3.09858999e+02 3.09847037e+02 7.26609187e-06 1.40679842e+02 1.40106425e+02 5.73416899e-01
1.74410650e-02 3.08883398e+02 3.07613527e+02 -1.15752363e-02 -1.17891839e-02 0.00000000e+00 3.08590695e+02 3.08602484e+02 3.08590695e+02 7.23662992e-06 1.40110204e+02 1.39534188e+02 5.76016249e-01
1.75328059e-02 3.07630439e+02 3.06354905e+02 -1.14088358e-02 -1.16196921e-02 0.00000000e+00 3.07337214e+02 3.07348834e+02 3.07337214e+02 7.20723506e-06 1.39541859e+02 1.38963274e+02 5.78585336e-01
1.76246610e-02 3.06384663e+02 3.05103543e+02 -1.12435533e-02 -1.14513695e-02 0.00000000e+00 3.06090925e+02 3.06102377e+02 3.06090925e+02 7.17800886e-06 1.38976772e+02 1.38395654e+02 5.81118507e-01
1.77166327e-02 3.05141129e+02 3.03854494e+02 -1.10820007e-02 -1.12868291e-02 0.00000000e+00 3.04846890e+02 3.04858177e+02 3.04846890e+02 7.14883551e-06 1.38412703e+02 1.37829082e+02 5.83620804e-01
1.78087237e-02 3.03900541e+02 3.02608460e+02 -1.09236214e-02 -1.11255126e-02 0.00000000e+00 3.03605810e+02 3.03616936e+02 3.03605810e+02 7.11973146e-06 1.37849969e+02 1.37263878e+02 5.86090600e-01
1.79009367e-02 3.02667869e+02 3.01370388e+02 -1.07661058e-02 -1.09651080e-02 0.00000000e+00 3.02372652e+02 3.02383617e+02 3.02372652e+02 7.09081318e-06 1.37290826e+02 1.36702286e+02 5.88540229e-01
1.79932743e-02 3.01433859e+02 3.00131079e+02 -1.06136787e-02 -1.08098420e-02 0.00000000e+00 3.01138172e+02 3.01148981e+02 3.01138172e+02 7.06186389e-06 1.36731077e+02 1.36140133e+02 5.90943895e-01
1.80857395e-02 3.00206115e+02 2.98898094e+02 -1.04625453e-02 -1.06559159e-02 0.00000000e+00 2.99909965e+02 2.99920620e+02 2.99909965e+02 7.03306172e-06 1.36174169e+02 1.35580848e+02 5.93321303e-01
1.81783349e-02 2.98985043e+02 2.97671852e+02 -1.03128932e-02 -1.05035168e-02 0.00000000e+00 2.98688439e+02 2.98698942e+02 2.98688439e+02 7.00441623e-06 1.35620288e+02 1.35024622e+02 5.95666409e-01
1.82710637e-02 2.97765479e+02 2.96447190e+02 -1.01666960e-02 -1.03546186e-02 0.00000000e+00 2.97468432e+02 2.97478787e+02 2.97468432e+02 6.97580636e-06 1.35067091e+02 1.34469112e+02 5.97979124e-01
1.83639287e-02 2.96549780e+02 2.95226484e+02 -1.00229867e-02 -1.02082529e-02 0.00000000e+00 2.96252303e+02 2.96262511e+02 2.96252303e+02 6.94728742e-06 1.34515647e+02 1.33915397e+02 6.00249870e-01
1.84569332e-02 2.95335836e+02 2.94007595e+02 -9.88230956e-03 -1.00649630e-02 0.00000000e+00 2.95037938e+02 2.95048003e+02 2.95037938e+02 6.91880987e-06 1.33965000e+02 1.33362506e+02 6.02493115e-01
1.85500802e-02 2.94127341e+02 2.92794231e+02 -9.74349373e-03 -9.92357694e-03 0.00000000e+00 2.93829034e+02 2.93838957e+02 2.93829034e+02 6.89046034e-06 1.33416824e+02 1.32812122e+02 6.04701332e-01
1.86433730e-02 2.92923268e+02 2.91585363e+02 -9.60654522e-03 -9.78409944e-03 0.00000000e+00 2.92624561e+02 2.92634345e+02 2.92624561e+02 6.86221476e-06 1.32870653e+02 1.32263777e+02 6.06876433e-01
1.87368150e-02 2.91724530e+02 2.90381905e+02 -9.47134034e-03 -9.64640629e-03 0.00000000e+00 2.91425434e+02 2.91435081e+02 2.91425434e+02 6.83409453e-06 1.32326903e+02 1.31717886e+02 6.09017506e-01
1.88304096e-02 2.90525800e+02 2.89178525e+02 -9.33959356e-03 -9.51221179e-03 0.00000000e+00 2.90226326e+02 2.90235838e+02 2.90226326e+02 6.80597475e-06 1.31783157e+02 1.31172029e+02 6.11127201e-01
1.89241604e-02 2.89334677e+02 2.87982853e+02 -9.20869496e-03 -9.37890411e-03 0.00000000e+00 2.89034838e+02 2.89044217e+02 2.89034838e+02 6.77803366e-06 1.31242860e+02 1.30629670e+02 6.13190332e-01
1.90180709e-02 2.88144525e+02 2.86788226e+02 -9.08099909e-03 -9.24883834e-03 0.00000000e+00 2.87844334e+02 2.87853582e+02 2.87844334e+02 6.75011564e-06 1.30703005e+02 1.30087785e+02 6.15220328e-01
1.91121448e-02 2.86959563e+02 2.85598868e+02 -8.95466159e-03 -9.12016793e-03 0.00000000e+00 2.86659029e+02 2.86668150e+02 2.86659029e+02 6.72231957e-06 1.30165504e+02 1.29548289e+02 6.17214531e-01
1.92063861e-02 2.85780447e+02 2.84415411e+02 -8.82934068e-03 -8.99255006e-03 0.00000000e+00 2.85479578e+02 2.85488570e+02 2.85479578e+02 6.69466074e-06 1.29630654e+02 1.29011470e+02 6.19183800e-01
1.93007985e-02 2.84600442e+02 2.83231176e+02 -8.70813914e-03 -8.86908965e-03 0.00000000e+00 2.84299255e+02 2.84308124e+02 2.84299255e+02 6.66698149e-06 1.29095401e+02 1.28474299e+02 6.21101921e-01
1.93953861e-02 2.83426712e+02 2.82053286e+02 -8.58780388e-03 -8.74653011e-03 0.00000000e+00 2.83125217e+02 2.83133964e+02 2.83125217e+02 6.63944962e-06 1.28562994e+02 1.27940005e+02 6.22989501e-01
1.94901531e-02 2.82256379e+02 2.80878876e+02 -8.46933295e-03 -8.62586940e-03 0.00000000e+00 2.81954588e+02 2.81963214e+02 2.81954588e+02 6.61199767e-06 1.28032128e+02 1.27407290e+02 6.24838440e-01
1.95851036e-02 2.81092474e+02 2.79710989e+02 -8.35170511e-03 -8.50608512e-03 0.00000000e+00 2.80790400e+02 2.80798906e+02 2.80790400e+02 6.58469679e-06 1.27504179e+02 1.26877534e+02 6.26644726e-01
1.96802421e-02 2.79927226e+02 2.78541826e+02 -8.23777245e-03 -8.39003067e-03 0.00000000e+00 2.79624880e+02 2.79633270e+02 2.79624880e+02 6.55736467e-06 1.26975620e+02 1.26347199e+02 6.28420833e-01
1.97755730e-02 2.78767940e+02 2.77378712e+02 -8.12481006e-03 -8.27497867e-03 0.00000000e+00 2.78465334e+02 2.78473609e+02 2.78465334e+02 6.53017264e-06 1.26449765e+02 1.25819608e+02 6.30156998e-01
1.98711010e-02 2.77612890e+02 2.76219927e+02 -8.01341061e-03 -8.16152157e-03 0.00000000e+00 2.77310037e+02 2.77318199e+02 2.77310037e+02 6.50308027e-06 1.25925832e+02 1.25293981e+02 6.31851102e-01
1.99668307e-02 2.76461043e+02 2.75064431e+02 -7.90380510e-03 -8.04988979e-03 0.00000000e+00 2.76157956e+02 2.76166006e+02 2.76157956e+02 6.47606328e-06 1.25403351e+02 1.24769845e+02 6.33506360e-01
2.00627670e-02 2.75313063e+02 2.73912884e+02 -7.79572993e-03 -7.93981896e-03 0.00000000e+00 2.75009754e+02 2.75017694e+02 2.75009754e+02 6.44913729e-06 1.24882625e+02 1.24247500e+02 6.35124544e-01
2.01589150e-02 2.74168159e+02 2.72764501e+02 -7.68939812e-03 -7.83152165e-03 0.00000000e+00 2.73864641e+02 2.73872472e+02 2.73864641e+02 6.42228371e-06 1.24363294e+02 1.23726591e+02 6.36702321e-01
2.02552798e-02 2.73026843e+02 2.71619802e+02 -7.58485701e-03 -7.72504501e-03 0.00000000e+00 2.72723130e+02 2.72730855e+02 2.72723130e+02 6.39551461e-06 1.23845590e+02 1.23207353e+02 6.38236824e-01
2.03518666e-02 2.71889779e+02 2.70479445e+02 -7.48159770e-03 -7.61987892e-03 0.00000000e+00 2.71585884e+02 2.71593504e+02 2.71585884e+02 6.36884554e-06 1.23329816e+02 1.22690085e+02 6.39730695e-01
2.04486810e-02 2.70755733e+02 2.69342197e+02 -7.38000552e-03 -7.51640841e-03 0.00000000e+00 2.70451669e+02 2.70459186e+02 2.70451669e+02 6.34224755e-06 1.22815410e+02 1.22174226e+02 6.41183439e-01
2.05457284e-02 2.69625241e+02 2.68208573e+02 -7.27986032e-03 -7.41441268e-03 0.00000000e+00 2.69321019e+02 2.69328433e+02 2.69321019e+02 6.31573313e-06 1.22302616e+02 1.21660012e+02 6.42603626e-01
2.06430148e-02 2.68498390e+02 2.67078701e+02 -7.18105499e-03 -7.31378394e-03 0.00000000e+00 2.68194026e+02 2.68201340e+02 2.68194026e+02 6.28930449e-06 1.21791474e+02 1.21147500e+02 6.43974326e-01
2.07405460e-02 2.67377163e+02 2.65954539e+02 -7.08337471e-03 -7.21430737e-03 0.00000000e+00 2.67072668e+02 2.67079883e+02 2.67072668e+02 6.26300801e-06 1.21282883e+02 1.20637577e+02 6.45305436e-01
2.08383281e-02 2.66254514e+02 2.64829037e+02 -6.98823912e-03 -7.11740191e-03 0.00000000e+00 2.65949903e+02 2.65957020e+02 2.65949903e+02 6.23667850e-06 1.20773647e+02 1.20127047e+02 6.46599651e-01
2.09363675e-02 2.65138562e+02 2.63710357e+02 -6.89371947e-03 -7.02113806e-03 0.00000000e+00 2.64833851e+02 2.64840872e+02 2.64833851e+02 6.21050645e-06 1.20267448e+02 1.19619611e+02 6.47836754e-01
2.10346705e-02 2.64025231e+02 2.62594373e+02 -6.80075214e-03 -6.92645186e-03 0.00000000e+00 2.63720433e+02 2.63727359e+02 2.63720433e+02 6.18439613e-06 1.19762439e+02 1.19113398e+02 6.49040474e-01
2.11332439e-02 2.62915200e+02 2.61481778e+02 -6.70900688e-03 -6.83301229e-03 0.00000000e+00 2.62610326e+02 2.62617159e+02 2.62610326e+02 6.15836350e-06 1.19258926e+02 1.18608723e+02 6.50203316e-01
2.12320946e-02 2.61808347e+02 2.60372439e+02 -6.61868880e-03 -6.74102439e-03 0.00000000e+00 2.61503410e+02 2.61510151e+02 2.61503410e+02 6.13240568e-06 1.18756855e+02 1.18105524e+02 6.51331379e-01
2.13312296e-02 2.60705475e+02 2.59267212e+02 -6.52955691e-03 -6.65024662e-03 0.00000000e+00 2.60400494e+02 2.60407144e+02 2.60400494e+02 6.10654165e-06 1.18256590e+02 1.17604191e+02 6.52399039e-01
2.14306563e-02 2.59604869e+02 2.58164331e+02 -6.44179384e-03 -6.56086089e-03 0.00000000e+00 2.59299856e+02 2.59306417e+02 2.59299856e+02 6.08073104e-06 1.17757353e+02 1.17103921e+02 6.53431187e-01
2.15303821e-02 2.58508609e+02 2.57065915e+02 -6.35528964e-03 -6.47275748e-03 0.00000000e+00 2.58203582e+02 2.58210055e+02 2.58203582e+02 6.05502278e-06 1.17260087e+02 1.16605677e+02 6.54409357e-01
2.16304148e-02 2.57416514e+02 2.55971739e+02 -6.26951784e-03 -6.38540841e-03 0.00000000e+00 2.57111483e+02 2.57117869e+02 2.57111483e+02 6.02941244e-06 1.16764710e+02 1.16109357e+02 6.55353464e-01
2.17307625e-02 2.56324536e+02 2.54877796e+02 -6.18585521e-03 -6.30019121e-03 0.00000000e+00 2.56019519e+02 2.56025819e+02 2.56019519e+02 6.00380524e-06 1.16269386e+02 1.15613142e+02 6.56244647e-01
2.18314334e-02 2.55237265e+02 2.53788654e+02 -6.10290192e-03 -6.21570474e-03 0.00000000e+00 2.54932276e+02 2.54938492e+02 2.54932276e+02 5.97830877e-06 1.15776198e+02 1.15119104e+02 6.57093309e-01
2.19324360e-02 2.54153340e+02 2.52702968e+02 -6.02110657e-03 -6.13239758e-03 0.00000000e+00 2.53848396e+02 2.53854528e+02 2.53848396e+02 5.95289115e-06 1.15284527e+02 1.14626635e+02 6.57892123e-01
2.20337792e-02 2.53073184e+02 2.51621168e+02 -5.94036710e-03 -6.05016730e-03 0.00000000e+00 2.52768301e+02 2.52774351e+02 2.52768301e+02 5.92756229e-06 1.14794565e+02 1.14135928e+02 6.58637498e-01
2.21354719e-02 2.51995368e+02 2.50541778e+02 -5.86059449e-03 -5.96892379e-03 0.00000000e+00 2.51690558e+02 2.51696526e+02 2.51690558e+02 5.90228859e-06 1.14305666e+02 1.13646314e+02 6.59351922e-01
2.22375236e-02 2.50919161e+02 2.49464104e+02 -5.78237916e-03 -5.88925804e-03 0.00000000e+00 2.50614439e+02 2.50620328e+02 2.50614439e+02 5.87705298e-06 1.13817496e+02 1.13157479e+02 6.60017330e-01
2.23399440e-02 2.49847420e+02 2.48391003e+02 -5.70487341e-03 -5.81032145e-03 0.00000000e+00 2.49542802e+02 2.49548612e+02 2.49542802e+02 5.85192247e-06 1.13331352e+02 1.12670718e+02 6.60634219e-01
2.24427430e-02 2.48778842e+02 2.47321182e+02 -5.62845569e-03 -5.73249238e-03 0.00000000e+00 2.48474345e+02 2.48480078e+02 2.48474345e+02 5.82686654e-06 1.12846642e+02 1.12185445e+02 6.61197632e-01
2.25459311e-02 2.47712836e+02 2.46254055e+02 -5.55314619e-03 -5.65579055e-03 0.00000000e+00 2.47408479e+02 2.47414135e+02 2.47408479e+02 5.80187136e-06 1.12363100e+02 1.11701393e+02 6.61706187e-01
2.26495189e-02 2.46648127e+02 2.45188322e+02 -5.47893244e-03 -5.58020267e-03 0.00000000e+00 2.46343925e+02 2.46349505e+02 2.46343925e+02 5.77690696e-06 1.11880145e+02 1.11217974e+02 6.62170901e-01
2.27535175e-02 2.45587349e+02 2.44126626e+02 -5.40551104e-03 -5.50542542e-03 0.00000000e+00 2.45283318e+02 2.45288823e+02 2.45283318e+02 5.75203510e-06 1.11398974e+02 1.10736387e+02 6.62586870e-01
2.28579383e-02 2.44530724e+02 2.43069191e+02 -5.33302738e-03 -5.43160425e-03 0.00000000e+00 2.44226879e+02 2.44232311e+02 2.44226879e+02 5.72726101e-06 1.10919687e+02 1.10256732e+02 6.62954541e-01
2.29627931e-02 2.43475956e+02 2.42013720e+02 -5.26167207e-03 -5.35892904e-03 0.00000000e+00 2.43172314e+02 2.43177673e+02 2.43172314e+02 5.70253084e-06 1.10441241e+02 1.09777968e+02 6.63273609e-01
2.30680943e-02 2.42422499e+02 2.40959675e+02 -5.19104325e-03 -5.28699666e-03 0.00000000e+00 2.42119078e+02 2.42124365e+02 2.42119078e+02 5.67783185e-06 1.09963391e+02 1.09299851e+02 6.63540099e-01
2.31738544e-02 2.41374368e+02 2.39911087e+02 -5.12154100e-03 -5.21620912e-03 0.00000000e+00 2.41071187e+02 2.41076403e+02 2.41071187e+02 5.65325818e-06 1.09487956e+02 1.08824209e+02 6.63747566e-01
2.32800867e-02 2.40325118e+02 2.38861484e+02 -5.05299515e-03 -5.14639338e-03 0.00000000e+00 2.40022194e+02 2.40027340e+02 2.40022194e+02 5.62865869e-06 1.09012014e+02 1.08348107e+02 6.63907819e-01
2.33868047e-02 2.39281757e+02 2.37817883e+02 -4.98491891e-03 -5.07706386e-03 0.00000000e+00 2.38979105e+02 2.38984182e+02 2.38979105e+02 5.60419766e-06 1.08538743e+02 1.07874727e+02 6.64016551e-01
2.34940225e-02 2.38238439e+02 2.36774454e+02 -4.91819948e-03 -5.00910726e-03 0.00000000e+00 2.37936080e+02 2.37941090e+02 2.37936080e+02 5.57973813e-06 1.08065492e+02 1.07401425e+02 6.64067230e-01
2.36017548e-02 2.37198550e+02 2.35734563e+02 -4.85212050e-03 -4.94180669e-03 0.00000000e+00 2.36896501e+02 2.36901442e+02 2.36896501e+02 5.55535938e-06 1.07593796e+02 1.06929728e+02 6.64067611e-01
2.37100168e-02 2.36162393e+02 2.34698521e+02 -4.78672880e-03 -4.87520890e-03 0.00000000e+00 2.35860670e+02 2.35865545e+02 2.35860670e+02 5.53106855e-06 1.07123793e+02 1.06459777e+02 6.64015551e-01
2.38188241e-02 2.35126575e+02 2.33662945e+02 -4.72235886e-03 -4.80964768e-03 0.00000000e+00 2.34825199e+02 2.34830008e+02 2.34825199e+02 5.50678615e-06 1.06653944e+02 1.05990037e+02 6.63906123e-01
2.39281932e-02 2.34093567e+02 2.32630296e+02 -4.65870305e-03 -4.74481535e-03 0.00000000e+00 2.33792555e+02 2.33797300e+02 2.33792555e+02 5.48257006e-06 1.06185369e+02 1.05521626e+02 6.63743085e-01
2.40381409e-02 2.33062605e+02 2.31599819e+02 -4.59586199e-03 -4.68081226e-03 0.00000000e+00 2.32761976e+02 2.32766657e+02 2.32761976e+02 5.45840239e-06 1.05717722e+02 1.05054199e+02 6.63522618e-01
2.41486850e-02 2.32036065e+02 2.30573893e+02 -4.53359846e-03 -4.61740125e-03 0.00000000e+00 2.31735839e+02 2.31740457e+02 2.31735839e+02 5.43433888e-06 1.05252081e+02 1.04588837e+02 6.63244640e-01
2.42598436e-02 2.31007327e+02 2.29545897e+02 -4.47239791e-03 -4.55506636e-03 0.00000000e+00 2.30707525e+02 2.30712080e+02 2.30707525e+02 5.41022431e-06 1.04785443e+02 1.04122535e+02 6.62908068e-01
2.43716359e-02 2.29985283e+02 2.28524726e+02 -4.41126855e-03 -4.49281646e-03 0.00000000e+00 2.29685923e+02 2.29690416e+02 2.29685923e+02 5.38626716e-06 1.04321842e+02 1.03659330e+02 6.62512150e-01
2.44840816e-02 2.28961421e+02 2.27501865e+02 -4.35179489e-03 -4.43223631e-03 0.00000000e+00 2.28662524e+02 2.28666956e+02 2.28662524e+02 5.36226786e-06 1.03857416e+02 1.03195358e+02 6.62057604e-01
2.45972014e-02 2.27941366e+02 2.26482939e+02 -4.29277716e-03 -4.37212528e-03 0.00000000e+00 2.27642952e+02 2.27647324e+02 2.27642952e+02 5.33835830e-06 1.03394717e+02 1.02733171e+02 6.61545715e-01
2.47110167e-02 2.26921510e+02 2.25464349e+02 -4.23430153e-03 -4.31256838e-03 0.00000000e+00 2.26623599e+02 2.26627912e+02 2.26623599e+02 5.31445390e-06 1.02932108e+02 1.02271136e+02 6.60971667e-01
2.48255499e-02 2.25904485e+02 2.24448728e+02 -4.17639622e-03 -4.25359451e-03 0.00000000e+00 2.25607099e+02 2.25611352e+02 2.25607099e+02 5.29061637e-06 1.02470783e+02 1.01810448e+02 6.60334720e-01
2.49408242e-02 2.24888543e+02 2.23434324e+02 -4.11927847e-03 -4.19542058e-03 0.00000000e+00 2.24591702e+02 2.24595897e+02 2.24591702e+02 5.26680473e-06 1.02009949e+02 1.01350312e+02 6.59637068e-01
2.50568638e-02 2.23876482e+02 2.22423942e+02 -4.06256011e-03 -4.13765831e-03 0.00000000e+00 2.23580208e+02 2.23584346e+02 2.23580208e+02 5.24308461e-06 1.01550876e+02 1.00892001e+02 6.58875312e-01
2.51736943e-02 2.22862316e+02 2.21411596e+02 -4.00689667e-03 -4.08096252e-03 0.00000000e+00 2.22566631e+02 2.22570712e+02 2.22566631e+02 5.21931565e-06 1.01090848e+02 1.00432798e+02 6.58049467e-01
2.52913418e-02 2.21851325e+02 2.20402577e+02 -3.95177943e-03 -4.02482489e-03 0.00000000e+00 2.21556253e+02 2.21560278e+02 2.21556253e+02 5.19562169e-06 1.00632260e+02 9.99751046e+01 6.57155373e-01
2.54098341e-02 2.20843382e+02 2.19396741e+02 -3.89715353e-03 -3.96919019e-03 0.00000000e+00 2.20548944e+02 2.20552913e+02 2.20548944e+02 5.17199971e-06 1.00175055e+02 9.95188554e+01 6.56199730e-01
2.55292000e-02 2.19832707e+02 2.18388327e+02 -3.84308138e-03 -3.91411907e-03 0.00000000e+00 2.19538926e+02 2.19542841e+02 2.19538926e+02 5.14831422e-06 9.97166104e+01 9.90614365e+01 6.55173895e-01
2.56494696e-02 2.18825509e+02 2.17383538e+02 -3.78963020e-03 -3.85968054e-03 0.00000000e+00 2.18532409e+02 2.18536269e+02 2.18532409e+02 5.12471081e-06 9.92597432e+01 9.86056620e+01 6.54081199e-01
2.57706745e-02 2.17818282e+02 2.16378863e+02 -3.73676728e-03 -3.80584061e-03 0.00000000e+00 2.17525886e+02 2.17529691e+02 2.17525886e+02 5.10110725e-06 9.88028627e+01 9.81499392e+01 6.52923559e-01
2.58928476e-02 2.16814831e+02 2.15378141e+02 -3.68449002e-03 -3.75259756e-03 0.00000000e+00 2.16523164e+02 2.16526917e+02 2.16523164e+02 5.07759285e-06 9.83476950e+01 9.76960092e+01 6.51685827e-01
2.60160235e-02 2.15809038e+02 2.14375232e+02 -3.63265867e-03 -3.69980950e-03 0.00000000e+00 2.15518127e+02 2.15521827e+02 2.15518127e+02 5.05402416e-06 9.78914653e+01 9.72410875e+01 6.50377846e-01
2.61402385e-02 2.14803988e+02 2.13373225e+02 -3.58155455e-03 -3.64775897e-03 0.00000000e+00 2.14513857e+02 2.14517505e+02 2.14513857e+02 5.03047344e-06 9.74355723e+01 9.67865749e+01 6.48997418e-01
2.62655305e-02 2.13800861e+02 2.12373301e+02 -3.53092224e-03 -3.59619020e-03 0.00000000e+00 2.13511535e+02 2.13515131e+02 2.13511535e+02 5.00696841e-06 9.69805514e+01 9.63330074e+01 6.47544039e-01
2.63919395e-02 2.12797962e+02 2.11373777e+02 -3.48080797e-03 -3.54514890e-03 0.00000000e+00 2.12509469e+02 2.12513014e+02 2.12509469e+02 4.98346937e-06 9.65256346e+01 9.58796209e+01 6.46013658e-01
2.65195073e-02 2.11794929e+02 2.10374287e+02 -3.43104481e-03 -3.49446750e-03 0.00000000e+00 2.11507294e+02 2.11510789e+02 2.11507294e+02 4.95996779e-06 9.60706563e+01 9.54262497e+01 6.44406553e-01
2.66482778e-02 2.10792367e+02 2.09375444e+02 -3.38195218e-03 -3.44446610e-03 0.00000000e+00 2.10505618e+02 2.10509063e+02 2.10505618e+02 4.93647792e-06 9.56158919e+01 9.49731723e+01 6.42719535e-01
2.67782976e-02 2.09789198e+02 2.08376169e+02 -3.33327087e-03 -3.39488449e-03 0.00000000e+00 2.09503364e+02 2.09506759e+02 2.09503364e+02 4.91297447e-06 9.51608522e+01 9.45198992e+01 6.40953035e-01
2.69096151e-02 2.08786317e+02 2.07377373e+02 -3.28500832e-03 -3.34573023e-03 0.00000000e+00 2.08501427e+02 2.08504773e+02 2.08501427e+02 4.88947848e-06 9.47059431e+01 9.40668428e+01 6.39100348e-01
2.70422819e-02 2.07783332e+02 2.06378653e+02 -3.23722353e-03 -3.29706215e-03 0.00000000e+00 2.07499415e+02 2.07502712e+02 2.07499415e+02 4.86598071e-06 9.42509867e+01 9.36138214e+01 6.37165390e-01
2.71763520e-02 2.06780247e+02 2.05380040e+02 -3.18985653e-03 -3.24882001e-03 0.00000000e+00 2.06497335e+02 2.06500584e+02 2.06497335e+02 4.84248137e-06 9.37959852e+01 9.31608480e+01 6.35137128e-01
2.73118825e-02 2.05776262e+02 2.04380692e+02 -3.14295103e-03 -3.20104725e-03 0.00000000e+00 2.05494382e+02 2.05497583e+02 2.05494382e+02 4.81896154e-06 9.33405754e+01 9.27075419e+01 6.33033511e-01
2.74489339e-02 2.04770490e+02 2.03379777e+02 -3.09633724e-03 -3.15357337e-03 0.00000000e+00 2.04489677e+02 2.04492831e+02 2.04489677e+02 4.79540063e-06 9.28843548e+01 9.22535244e+01 6.30830418e-01
2.75875699e-02 2.03766912e+02 2.02381259e+02 -3.05038107e-03 -3.10676583e-03 0.00000000e+00 2.03487199e+02 2.03490305e+02 2.03487199e+02 4.77189192e-06 9.24291299e+01 9.18005943e+01 6.28535617e-01
2.77278580e-02 2.02758142e+02 2.01377745e+02 -3.00470604e-03 -3.06024544e-03 0.00000000e+00 2.02479560e+02 2.02482620e+02 2.02479560e+02 4.74826221e-06 9.19715494e+01 9.13453982e+01 6.26151265e-01
2.78698697e-02 2.01751640e+02 2.00376726e+02 -2.95933992e-03 -3.01404169e-03 0.00000000e+00 2.01474224e+02 2.01477238e+02 2.01474224e+02 4.72468651e-06 9.15149980e+01 9.08913335e+01 6.23664463e-01
2.80136810e-02 2.00741138e+02 1.99371944e+02 -2.91437065e-03 -2.96824103e-03 0.00000000e+00 2.00464928e+02 2.00467896e+02 2.00464928e+02 4.70101792e-06 9.10566320e+01 9.04355626e+01 6.21069452e-01
2.81593722e-02 1.99731506e+02 1.98368238e+02 -2.86974316e-03 -2.92278928e-03 0.00000000e+00 1.99456533e+02 1.99459455e+02 1.99456533e+02 4.67737047e-06 9.05986605e+01 8.99802790e+01 6.18381496e-01
2.83070290e-02 1.98716232e+02 1.97359125e+02 -2.82546153e-03 -2.87768887e-03 0.00000000e+00 1.98442535e+02 1.98445412e+02 1.98442535e+02 4.65359164e-06 9.01381299e+01 8.95225433e+01 6.15586591e-01
2.84567424e-02 1.97700065e+02 1.96349365e+02 -2.78138741e-03 -2.83280212e-03 0.00000000e+00 1.97427683e+02 1.97430516e+02 1.97427683e+02 4.62979278e-06 8.96771943e+01 8.90645137e+01 6.12680600e-01
2.86086094e-02 1.96682435e+02 1.95338383e+02 -2.73777810e-03 -2.78838656e-03 0.00000000e+00 1.96411407e+02 1.96414195e+02 1.96411407e+02 4.60596052e-06 8.92155950e+01 8.86059301e+01 6.09664886e-01
2.87627335e-02 1.95662385e+02 1.94325250e+02 -2.69457453e-03 -2.74438263e-03 0.00000000e+00 1.95392754e+02 1.95395499e+02 1.95392754e+02 4.58207252e-06 8.87528981e+01 8.81463704e+01 6.06527676e-01
2.89192250e-02 1.94638789e+02 1.93308831e+02 -2.65177764e-03 -2.70079086e-03 0.00000000e+00 1.94370597e+02 1.94373298e+02 1.94370597e+02 4.55810235e-06 8.82885924e+01 8.76853207e+01 6.03271795e-01
2.90782021e-02 1.93611096e+02 1.92288584e+02 -2.60865833e-03 -2.65688044e-03 0.00000000e+00 1.93344388e+02 1.93347045e+02 1.93344388e+02 4.53403714e-06 8.78224288e+01 8.72225345e+01 5.99894241e-01
2.92397914e-02 1.92579157e+02 1.91264382e+02 -2.56606251e-03 -2.61349877e-03 0.00000000e+00 1.92313979e+02 1.92316592e+02 1.92313979e+02 4.50987347e-06 8.73543390e+01 8.67579539e+01 5.96385060e-01
2.94041285e-02 1.91545070e+02 1.90238314e+02 -2.52405211e-03 -2.57070823e-03 0.00000000e+00 1.91281467e+02 1.91284038e+02 1.91281467e+02 4.48566047e-06 8.68852746e+01 8.62925273e+01 5.92747281e-01
2.95713591e-02 1.90505543e+02 1.89207120e+02 -2.48185832e-03 -2.52773757e-03 0.00000000e+00 1.90243567e+02 1.90246095e+02 1.90243567e+02 4.46132111e-06 8.64137428e+01 8.58247755e+01 5.88967367e-01
2.97416400e-02 1.89462846e+02 1.88173069e+02 -2.44028449e-03 -2.48539211e-03 0.00000000e+00 1.89202548e+02 1.89205033e+02 1.89202548e+02 4.43690861e-06 8.59407735e+01 8.53557276e+01 5.85045820e-01
2.99151402e-02 1.88412148e+02 1.87131346e+02 -2.39859423e-03 -2.44293278e-03 0.00000000e+00 1.88153581e+02 1.88156024e+02 1.88153581e+02 4.41230974e-06 8.54641744e+01 8.48831997e+01 5.80974711e-01
3.00920420e-02 1.87358090e+02 1.86086598e+02 -2.35723803e-03 -2.40081180e-03 0.00000000e+00 1.87101309e+02 1.87103710e+02 1.87101309e+02 4.38763334e-06 8.49860513e+01 8.44092997e+01 5.76751532e-01
3.02725427e-02 1.86297282e+02 1.85035453e+02 -2.31626928e-03 -2.35908179e-03 0.00000000e+00 1.86042344e+02 1.86044703e+02 1.86042344e+02 4.36280000e-06 8.45048661e+01 8.39324978e+01 5.72368287e-01
3.04568558e-02 1.85228820e+02 1.83977028e+02 -2.27488400e-03 -2.31693682e-03 0.00000000e+00 1.84975787e+02 1.84978104e+02 1.84975787e+02 4.33778863e-06 8.40202095e+01 8.34523939e+01 5.67815692e-01
3.06452134e-02 1.84153864e+02 1.82912495e+02 -2.23393399e-03 -2.27523045e-03 0.00000000e+00 1.83902798e+02 1.83905073e+02 1.83902798e+02 4.31262642e-06 8.35326069e+01 8.29695191e+01 5.63087776e-01
3.08378678e-02 1.83071833e+02 1.81841295e+02 -2.19313685e-03 -2.23367943e-03 0.00000000e+00 1.82822802e+02 1.82825036e+02 1.82822802e+02 4.28729989e-06 8.30417955e+01 8.24836203e+01 5.58175111e-01
3.10350942e-02 1.81981265e+02 1.80761975e+02 -2.15235917e-03 -2.19214960e-03 0.00000000e+00 1.81734337e+02 1.81736529e+02 1.81734337e+02 4.26177476e-06 8.25471114e+01 8.19940384e+01 5.53073045e-01
3.12371930e-02 1.80883250e+02 1.79675645e+02 -2.11206884e-03 -2.15110982e-03 0.00000000e+00 1.80638496e+02 1.80640647e+02 1.80638496e+02 4.23607665e-06 8.20490492e+01 8.15012770e+01 5.47772198e-01
3.14444936e-02 1.79772851e+02 1.78577402e+02 -2.07174702e-03 -2.11003905e-03 0.00000000e+00 1.79530350e+02 1.79532460e+02 1.79530350e+02 4.21008998e-06 8.15453699e+01 8.10031111e+01 5.42258778e-01
3.16573574e-02 1.78653199e+02 1.77470392e+02 -2.03112733e-03 -2.06867078e-03 0.00000000e+00 1.78413029e+02 1.78415098e+02 1.78413029e+02 4.18388817e-06 8.10374932e+01 8.05009692e+01 5.36523932e-01
3.18761826e-02 1.77521119e+02 1.76351467e+02 -1.99068100e-03 -2.02747639e-03 0.00000000e+00 1.77283366e+02 1.77285394e+02 1.77283366e+02 4.15739692e-06 8.05239792e+01 7.99934224e+01 5.30556749e-01
3.21014085e-02 1.76375412e+02 1.75219455e+02 -1.94971935e-03 -1.98576536e-03 0.00000000e+00 1.76140165e+02 1.76142151e+02 1.76140165e+02 4.13058819e-06 8.00042838e+01 7.94799391e+01 5.24344688e-01
3.23335218e-02 1.75216851e+02 1.74075160e+02 -1.90913794e-03 -1.94443499e-03 0.00000000e+00 1.74984204e+02 1.74986148e+02 1.74984204e+02 4.10348024e-06 7.94787577e+01 7.89608842e+01 5.17873554e-01
3.25730626e-02 1.74045931e+02 1.72919117e+02 -1.86904648e-03 -1.90359502e-03 0.00000000e+00 1.73815984e+02 1.73817888e+02 1.73815984e+02 4.07608482e-06 7.89476258e+01 7.84365007e+01 5.11125170e-01
3.28206332e-02 1.72855365e+02 1.71744064e+02 -1.82784892e-03 -1.86164466e-03 0.00000000e+00 1.72628226e+02 1.72630087e+02 1.72628226e+02 4.04823119e-06 7.84075826e+01 7.79034936e+01 5.04088981e-01
3.30769067e-02 1.71649532e+02 1.70554420e+02 -1.78706844e-03 -1.82011063e-03 0.00000000e+00 1.71425311e+02 1.71427131e+02 1.71425311e+02 4.02002214e-06 7.78606141e+01 7.73638686e+01 4.96745560e-01
3.33426383e-02 1.70424031e+02 1.69345840e+02 -1.74609658e-03 -1.77838223e-03 0.00000000e+00 1.70202849e+02 1.70204628e+02 1.70202849e+02 3.99135471e-06 7.73047237e+01 7.68156541e+01 4.89069687e-01
3.36186787e-02 1.69181503e+02 1.68120991e+02 -1.70561453e-03 -1.73714213e-03 0.00000000e+00 1.68963486e+02 1.68965224e+02 1.68963486e+02 3.96229094e-06 7.67411105e+01 7.62600599e+01 4.81050661e-01
3.39059899e-02 1.67908726e+02 1.66866711e+02 -1.66397959e-03 -1.69474179e-03 0.00000000e+00 1.67694013e+02 1.67695707e+02 1.67694013e+02 3.93252105e-06 7.61637761e+01 7.56911157e+01 4.72660336e-01
3.42056640e-02 1.66614250e+02 1.65591614e+02 -1.62213341e-03 -1.65212584e-03 0.00000000e+00 1.66402986e+02 1.66404638e+02 1.66402986e+02 3.90224572e-06 7.55765989e+01 7.51127289e+01 4.63870015e-01
3.45189467e-02 1.65293146e+02 1.64290812e+02 -1.58072621e-03 -1.60994460e-03 0.00000000e+00 1.65085484e+02 1.65087094e+02 1.65085484e+02 3.87134954e-06 7.49773428e+01 7.45226822e+01 4.54660632e-01
3.48472653e-02 1.63942063e+02 1.62961031e+02 -1.53840458e-03 -1.56684103e-03 0.00000000e+00 1.63738171e+02 1.63739738e+02 1.63738171e+02 3.83975427e-06 7.43644886e+01 7.39194903e+01 4.44998297e-01
3.51922630e-02 1.62559097e+02 1.61600434e+02 -1.49557885e-03 -1.52322550e-03 0.00000000e+00 1.62359153e+02 1.62360676e+02 1.62359153e+02 3.80741551e-06 7.37371723e+01 7.33023204e+01 4.34851942e-01
3.55558409e-02 1.61134123e+02 1.60198973e+02 -1.45275091e-03 -1.47959893e-03 0.00000000e+00 1.60938320e+02 1.60939800e+02 1.60938320e+02 3.77409616e-06 7.30908008e+01 7.26666148e+01 4.24185992e-01
3.59402101e-02 1.59670716e+02 1.58760301e+02 -1.40875792e-03 -1.43479617e-03 0.00000000e+00 1.59479259e+02 1.59480694e+02 1.59479259e+02 3.73988034e-06 7.24269961e+01 7.20140296e+01 4.12966572e-01
3.63479557e-02 1.58157160e+02 1.57272789e+02 -1.36448169e-03 -1.38969859e-03 0.00000000e+00 1.57970271e+02 1.57971660e+02 1.57970271e+02 3.70449368e-06 7.17404434e+01 7.13392907e+01 4.01152695e-01
3.67821159e-02 1.56591856e+02 1.55734924e+02 -1.31916998e-03 -1.34355163e-03 0.00000000e+00 1.56409770e+02 1.56411114e+02 1.56409770e+02 3.66789906e-06 7.10304180e+01 7.06417120e+01 3.88706043e-01
3.72462796e-02 1.54965752e+02 1.54137751e+02 -1.27338544e-03 -1.29691725e-03 0.00000000e+00 1.54788724e+02 1.54790021e+02 1.54788724e+02 3.62988459e-06 7.02928137e+01 6.99172307e+01 3.75582991e-01
3.77447073e-02 1.53272063e+02 1.52474532e+02 -1.22643602e-03 -1.24910054e-03 0.00000000e+00 1.53100357e+02 1.53101606e+02 1.53100357e+02 3.59029140e-06 6.95245527e+01 6.91627906e+01 3.61762064e-01
3.82824772e-02 1.51499310e+02 1.50733888e+02 -1.17850837e-03 -1.20028645e-03 0.00000000e+00 1.51333207e+02 1.51334408e+02 1.51333207e+02 3.54885072e-06 6.87204278e+01 6.83732307e+01 3.47197070e-01
3.88656607e-02 1.49635924e+02 1.48904267e+02 -1.12936797e-03 -1.15023810e-03 0.00000000e+00 1.49475714e+02 1.49476864e+02 1.49475714e+02 3.50529144e-06 6.78751919e+01 6.75433103e+01 3.31881591e-01
3.95015249e-02 1.47666107e+02 1.46969863e+02 -1.07906079e-03 -1.09899932e-03 0.00000000e+00 1.47512082e+02 1.47513181e+02 1.47512082e+02 3.45924313e-06 6.69816785e+01 6.66658605e+01 3.15818032e-01
4.01987519e-02 1.45576858e+02 1.44917564e+02 -1.02669415e-03 -1.04567414e-03 0.00000000e+00 1.45429296e+02 1.45430342e+02 1.45429296e+02 3.41040061e-06 6.60339904e+01 6.57349331e+01 2.99057368e-01
4.09676446e-02 1.43335195e+02 1.42714161e+02 -9.73799641e-04 -9.91794053e-04 0.00000000e+00 1.43194349e+02 1.43195340e+02 1.43194349e+02 3.35798980e-06 6.50171668e+01 6.47354645e+01 2.81702310e-01
4.18202556e-02 1.40925664e+02 1.40343739e+02 -9.18682915e-04 -9.35661129e-04 0.00000000e+00 1.40791718e+02 1.40792654e+02 1.40791718e+02 3.30164673e-06 6.39241984e+01 6.36602359e+01 2.63962583e-01
4.27703145e-02 1.38310213e+02 1.37767510e+02 -8.62024218e-04 -8.77955794e-04 0.00000000e+00 1.38183246e+02 1.38184124e+02 1.38183246e+02 3.24047656e-06 6.27378239e+01 6.24916524e+01 2.46171498e-01
4.38327461e-02 1.35455234e+02 1.34950665e+02 -8.03578868e-04 -8.18434402e-04 0.00000000e+00 1.35335145e+02 1.35335964e+02 1.35335145e+02 3.17368696e-06 6.14427989e+01 6.12139254e+01 2.28873577e-01
4.50224922e-02 1.32315171e+02 1.31845965e+02 -7.44040569e-04 -7.57795366e-04 0.00000000e+00 1.32201608e+02 1.32202366e+02 1.32201608e+02 3.10020370e-06 6.00184595e+01 5.98056262e+01 2.12833236e-01
4.63523710e-02 1.28852608e+02 1.28413731e+02 -6.83590797e-04 -6.96228330e-04 0.00000000e+00 1.28744870e+02 1.28745567e+02 1.28744870e+02 3.01914121e-06 5.84478331e+01 5.82487573e+01 1.99075806e-01
4.78300145e-02 1.25032576e+02 1.24616380e+02 -6.23092954e-04 -6.34610214e-04 0.00000000e+00 1.24929561e+02 1.24930195e+02 1.24929561e+02 2.92967000e-06 5.67150577e+01 5.65262705e+01 1.88787129e-01
4.94546583e-02 1.20850634e+02 1.20447020e+02 -5.63260560e-04 -5.73673042e-04 0.00000000e+00 1.20750853e+02 1.20751427e+02 1.20750853e+02 2.83167690e-06 5.48181195e+01 5.46350394e+01 1.83080187e-01
5.12153851e-02 1.16324806e+02 1.15922116e+02 -5.05507590e-04 -5.14852613e-04 0.00000000e+00 1.16226518e+02 1.16227033e+02 1.16226518e+02 2.72557865e-06 5.27651939e+01 5.25825327e+01 1.82661190e-01
5.30923570e-02 1.11522479e+02 1.11109195e+02 -4.50949256e-04 -4.59285821e-04 0.00000000e+00 1.11423946e+02 1.11424405e+02 1.11423946e+02 2.61295556e-06 5.05868473e+01 5.03993807e+01 1.87466599e-01
5.50609395e-02 1.06544895e+02 1.06111646e+02 -4.00553265e-04 -4.07957964e-04 0.00000000e+00 1.06444688e+02 1.06445096e+02 1.06444688e+02 2.49618910e-06 4.83290043e+01 4.81324812e+01 1.96523005e-01
5.70966711e-02 1.01517817e+02 1.01059055e+02 -3.55051801e-04 -3.61612774e-04 0.00000000e+00 1.01415072e+02 1.01415434e+02 1.01415072e+02 2.37824173e-06 4.60487103e+01 4.58406145e+01 2.08095710e-01
5.91788034e-02 9.65809844e+01 9.60958592e+01 -3.14403907e-04 -3.20213791e-04 0.00000000e+00 9.64755417e+01 9.64758619e+01 9.64755417e+01 2.26240689e-06 4.38093518e+01 4.35892979e+01 2.20053894e-01
6.12916184e-02 9.18573373e+01 9.13496598e+01 -2.78724376e-04 -2.83875218e-04 0.00000000e+00 9.17497354e+01 9.17500193e+01 9.17497354e+01 2.15158402e-06 4.16666949e+01 4.14364112e+01 2.30283635e-01
6.34241086e-02 8.74497736e+01 8.69272222e+01 -2.47777161e-04 -2.52356263e-04 0.00000000e+00 8.73411324e+01 8.73413847e+01 8.73411324e+01 2.04819974e-06 3.96674141e+01 3.94303836e+01 2.37030517e-01
6.55689612e-02 8.34327351e+01 8.29056203e+01 -2.21173496e-04 -2.25260876e-04 0.00000000e+00 8.33245682e+01 8.33247935e+01 8.33245682e+01 1.95400900e-06 3.78452764e+01 3.76061759e+01 2.39100466e-01
6.77214813e-02 7.98478199e+01 7.93276278e+01 -1.98376947e-04 -2.02043771e-04 0.00000000e+00 7.97418145e+01 7.97420166e+01 7.97418145e+01 1.86999137e-06 3.62191508e+01 3.59831904e+01 2.35960319e-01
6.98787191e-02 7.67002324e+01 7.61982207e+01 -1.78966990e-04 -1.82275127e-04 0.00000000e+00 7.65980382e+01 7.65982204e+01 7.65980382e+01 1.79626801e-06 3.47913980e+01 3.45636844e+01 2.27713625e-01
7.20388461e-02 7.39686613e+01 7.34946279e+01 -1.62423994e-04 -1.65425979e-04 0.00000000e+00 7.38717032e+01 7.38718686e+01 7.38717032e+01 1.73233388e-06 3.35523512e+01 3.33373286e+01 2.15022631e-01
7.42007384e-02 7.16062333e+01 7.11675830e+01 -1.48224565e-04 -1.50963955e-04 0.00000000e+00 7.15155722e+01 7.15157231e+01 7.15155722e+01 1.67708126e-06 3.24807486e+01 3.22817758e+01 1.98972766e-01
7.63637082e-02 6.95479009e+01 6.91490558e+01 -1.35947663e-04 -1.38459926e-04 0.00000000e+00 6.94641452e+01 6.94642837e+01 6.94641452e+01 1.62897412e-06 3.15470843e+01 3.13661673e+01 1.80917025e-01
7.85273363e-02 6.77188278e+01 6.73610333e+01 -1.25193777e-04 -1.27507225e-04 0.00000000e+00 6.76421062e+01 6.76422337e+01 6.76421062e+01 1.58624625e-06 3.07174126e+01 3.05551163e+01 1.62296378e-01
8.06913671e-02 6.60422702e+01 6.57237121e+01 -1.15640011e-04 -1.17776961e-04 0.00000000e+00 6.59722505e+01 6.59723683e+01 6.59722505e+01 1.54708718e-06 2.99569224e+01 2.98124237e+01 1.44498654e-01
8.28556452e-02 6.44461866e+01 6.41624337e+01 -1.07016608e-04 -1.08994505e-04 0.00000000e+00 6.43821444e+01 6.43822534e+01 6.43821444e+01 1.50979828e-06 2.92329353e+01 2.91042243e+01 1.28710953e-01
8.50200761e-02 6.28679806e+01 6.26126368e+01 -9.91765943e-05 -1.01009221e-04 0.00000000e+00 6.28088994e+01 6.28090004e+01 6.28088994e+01 1.47290478e-06 2.85170575e+01 2.84012329e+01 1.15824533e-01
8.71846022e-02 6.12636441e+01 6.10291266e+01 -9.19055989e-05 -9.36039449e-05 0.00000000e+00 6.12083328e+01 6.12084264e+01 6.12083328e+01 1.43537057e-06 2.77893268e+01 2.76829491e+01 1.06377663e-01
8.93491883e-02 5.96059698e+01 5.93843310e+01 -8.51041724e-05 -8.66774290e-05 0.00000000e+00 5.95531879e+01 5.95532746e+01 5.95531879e+01 1.39655647e-06 2.70374020e+01 2.69368661e+01 1.00535860e-01
9.15138129e-02 5.78817548e+01 5.76654613e+01 -7.87783133e-05 -8.02346352e-05 0.00000000e+00 5.78303313e+01 5.78304115e+01 5.78303313e+01 1.35615449e-06 2.62552942e+01 2.61571830e+01 9.81112532e-02
9.36784630e-02 5.60993586e+01 5.58819439e+01 -7.28629126e-05 -7.42098779e-05 0.00000000e+00 5.60482884e+01 5.60483626e+01 5.60482884e+01 1.31436456e-06 2.54467953e+01 2.53481755e+01 9.86197898e-02
9.58431303e-02 5.42771919e+01 5.40537481e+01 -6.73772866e-05 -6.86223089e-05 0.00000000e+00 5.42257109e+01 5.42257796e+01 5.42257109e+01 1.27162407e-06 2.46202564e+01 2.45189017e+01 1.01354617e-01
9.80078099e-02 5.24479173e+01 5.22153772e+01 -6.22595386e-05 -6.34099801e-05 0.00000000e+00 5.23955429e+01 5.23956063e+01 5.23955429e+01 1.22870558e-06 2.37904933e+01 2.36850126e+01 1.05480739e-01
1.00172498e-01 5.06453153e+01 5.04025384e+01 -5.75370896e-05 -5.86004119e-05 0.00000000e+00 5.05918591e+01 5.05919177e+01 5.05918591e+01 1.18640816e-06 2.29728290e+01 2.28627048e+01 1.10124146e-01
1.02337194e-01 4.89036905e+01 4.86513397e+01 -5.32274146e-05 -5.42111248e-05 0.00000000e+00 4.88492393e+01 4.88492935e+01 4.88492393e+01 1.14554272e-06 2.21828241e+01 2.20683572e+01 1.14466900e-01
1.04501895e-01 4.72550926e+01 4.69953695e+01 -4.93262001e-05 -5.02377314e-05 0.00000000e+00 4.71999666e+01 4.72000169e+01 4.71999666e+01 1.10686633e-06 2.14350163e+01 2.13172053e+01 1.17811003e-01
1.06666602e-01 4.57263650e+01 4.54625925e+01 -4.58083800e-05 -4.66549404e-05 0.00000000e+00 4.56710539e+01 4.56711005e+01 4.56710539e+01 1.07101245e-06 2.07415820e+01 2.06219342e+01 1.19647809e-01
1.08831312e-01 4.43338833e+01 4.40700556e+01 -4.26599869e-05 -4.34484099e-05 0.00000000e+00 4.42789780e+01 4.42790214e+01 4.42789780e+01 1.03836747e-06 2.01099492e+01 1.99902764e+01 1.19672835e-01
1.10996026e-01 4.30841792e+01 4.28244896e+01 -3.98535015e-05 -4.05900918e-05 0.00000000e+00 4.30303001e+01 4.30303407e+01 4.30303001e+01 1.00908526e-06 1.95430806e+01 1.94252849e+01 1.17795792e-01
1.13160744e-01 4.19739823e+01 4.17223607e+01 -3.73602255e-05 -3.80506567e-05 0.00000000e+00 4.19217091e+01 4.19217472e+01 4.19217091e+01 9.83088161e-07 1.90394928e+01 1.89253567e+01 1.14136148e-01
1.15325464e-01 4.09925174e+01 4.07522471e+01 -3.51317291e-05 -3.57809583e-05 0.00000000e+00 4.09423309e+01 4.09423667e+01 4.09423309e+01 9.60121179e-07 1.85942981e+01 1.84853110e+01 1.08987143e-01
1.17490188e-01 4.01204262e+01 3.98938903e+01 -3.31250203e-05 -3.37372518e-05 0.00000000e+00 4.00726705e+01 4.00727043e+01 4.00726705e+01 9.39727144e-07 1.81987156e+01 1.80959584e+01 1.02757174e-01
1.19654915e-01 3.93335331e+01 3.91220395e+01 -3.13117725e-05 -3.18905014e-05 0.00000000e+00 3.92883897e+01 3.92884216e+01 3.92883897e+01 9.21335309e-07 1.78417791e+01 1.77458451e+01 9.59339901e-02
1.21819644e-01 3.86062285e+01 3.84099767e+01 -2.96511380e-05 -3.01991848e-05 0.00000000e+00 3.85637112e+01 3.85637414e+01 3.85637112e+01 9.04341181e-07 1.75118721e+01 1.74228519e+01 8.90202716e-02
1.23984375e-01 3.79163171e+01 3.77344807e+01 -2.81122453e-05 -2.86318886e-05 0.00000000e+00 3.78762840e+01 3.78763127e+01 3.78762840e+01 8.88220619e-07 1.71989267e+01 1.71164454e+01 8.24813880e-02
1.26149109e-01 3.72387624e+01 3.70696542e+01 -2.66822078e-05 -2.71752433e-05 0.00000000e+00 3.72009432e+01 3.72009704e+01 3.72009432e+01 8.72383489e-07 1.68915864e+01 1.68148785e+01 7.67078753e-02
1.28313845e-01 3.65542910e+01 3.63955639e+01 -2.53119273e-05 -2.57797158e-05 0.00000000e+00 3.65183167e+01 3.65183425e+01 3.65183167e+01 8.56375505e-07 1.65811086e+01 1.65091097e+01 7.19989658e-02
1.30478583e-01 3.58480411e+01 3.56969870e+01 -2.40009865e-05 -2.44446400e-05 0.00000000e+00 3.58134901e+01 3.58135145e+01 3.58134901e+01 8.39846916e-07 1.62607521e+01 1.61922336e+01 6.85185104e-02
1.32643323e-01 3.51120373e+01 3.49658612e+01 -2.27473742e-05 -2.31678548e-05 0.00000000e+00 3.50784765e+01 3.50784997e+01 3.50784765e+01 8.22610425e-07 1.59268991e+01 1.58605933e+01 6.63058287e-02
1.34808064e-01 3.43454511e+01 3.42015408e+01 -2.15503022e-05 -2.19485145e-05 0.00000000e+00 3.43124767e+01 3.43124986e+01 3.43124767e+01 8.04647289e-07 1.55791739e+01 1.55138959e+01 6.52780031e-02
1.36972808e-01 3.35560249e+01 3.34121668e+01 -2.03849668e-05 -2.07618004e-05 0.00000000e+00 3.35232938e+01 3.35233145e+01 3.35232938e+01 7.86140497e-07 1.52210884e+01 1.51558340e+01 6.52543911e-02
1.39137553e-01 3.27506428e+01 3.26051756e+01 -1.92878510e-05 -1.96442888e-05 0.00000000e+00 3.27178970e+01 3.27179167e+01 3.27178970e+01 7.67253480e-07 1.48557653e+01 1.47897810e+01 6.59842455e-02
1.41302300e-01 3.19440843e+01 3.17959913e+01 -1.82406598e-05 -1.85777380e-05 0.00000000e+00 3.19111635e+01 3.19111821e+01 3.19111635e+01 7.48335116e-07 1.44899085e+01 1.44227332e+01 6.71753314e-02
1.43467049e-01 3.11498261e+01 3.09987569e+01 -1.72487511e-05 -1.75675816e-05 0.00000000e+00 3.11166712e+01 3.11166888e+01 3.11166712e+01 7.29703815e-07 1.41296312e+01 1.40611059e+01 6.85253480e-02
1.45631799e-01 3.03793942e+01 3.02256184e+01 -1.63237779e-05 -1.66255332e-05 0.00000000e+00 3.03460407e+01 3.03460574e+01 3.03460407e+01 7.11632087e-07 1.37801615e+01 1.37104085e+01 6.97530420e-02
1.47796550e-01 2.96429485e+01 2.94872609e+01 -1.54690218e-05 -1.57548997e-05 0.00000000e+00 2.96095121e+01 2.96095278e+01 2.96095121e+01 6.94360067e-07 1.34461082e+01 1.33754879e+01 7.06202769e-02
1.49961303e-01 2.89503770e+01 2.87939508e+01 -1.46727045e-05 -1.49438905e-05 0.00000000e+00 2.89170299e+01 2.89170449e+01 2.89170299e+01 6.78120963e-07 1.31319561e+01 1.30610009e+01 7.09552686e-02
1.52126057e-01 2.83060039e+01 2.81502395e+01 -1.39411933e-05 -1.41988478e-05 0.00000000e+00 2.82729533e+01 2.82729675e+01 2.82729533e+01 6.63016996e-07 1.28396671e+01 1.27690120e+01 7.06551032e-02
1.54290812e-01 2.77122554e+01 2.75586204e+01 -1.32702218e-05 -1.35154450e-05 0.00000000e+00 2.76797181e+01 2.76797316e+01 2.76797181e+01 6.49105291e-07 1.25703414e+01 1.25006522e+01 6.96891664e-02
1.56455569e-01 2.71695056e+01 2.70193763e+01 -1.26487477e-05 -1.28825538e-05 0.00000000e+00 2.71376842e+01 2.71376970e+01 2.71376842e+01 6.36394283e-07 1.23241489e+01 1.22560499e+01 6.80990024e-02
1.58620326e-01 2.66726183e+01 2.65271551e+01 -1.20842938e-05 -1.23076113e-05 0.00000000e+00 2.66416824e+01 2.66416947e+01 2.66416824e+01 6.24762755e-07 1.20987597e+01 1.20327772e+01 6.59824337e-02
1.60785085e-01 2.62168919e+01 2.60769429e+01 -1.15599292e-05 -1.17735639e-05 0.00000000e+00 2.61869634e+01 2.61869752e+01 2.61869634e+01 6.14099334e-07 1.18920411e+01 1.18285600e+01 6.34811858e-02
1.62949844e-01 2.57939959e+01 2.56600422e+01 -1.10717995e-05 -1.12764424e-05 0.00000000e+00 2.57651411e+01 2.57651524e+01 2.57651411e+01 6.04207359e-07 1.17002146e+01 1.16394529e+01 6.07617248e-02
1.65114605e-01 2.53939952e+01 2.52661375e+01 -1.06174818e-05 -1.08137105e-05 0.00000000e+00 2.53662231e+01 2.53662339e+01 2.53662231e+01 5.94852504e-07 1.15187733e+01 1.14607768e+01 5.79965141e-02
1.67279367e-01 2.50080900e+01 2.48860683e+01 -1.01888543e-05 -1.03771397e-05 0.00000000e+00 2.49813554e+01 2.49813658e+01 2.49813554e+01 5.85827135e-07 1.13437259e+01 1.12883766e+01 5.53492974e-02
1.69444129e-01 2.46282915e+01 2.45115388e+01 -9.78029298e-06 -9.96101702e-06 0.00000000e+00 2.46025029e+01 2.46025129e+01 2.46025029e+01 5.76942826e-07 1.11714484e+01 1.11184891e+01 5.29592870e-02
1.71608893e-01 2.42477489e+01 2.41354710e+01 -9.38822854e-06 -9.56170332e-06 0.00000000e+00 2.42227811e+01 2.42227906e+01 2.42227811e+01 5.68038130e-07 1.09988335e+01 1.09479039e+01 5.09295158e-02
1.73773657e-01 2.38619668e+01 2.37532315e+01 -9.01027142e-06 -9.17676163e-06 0.00000000e+00 2.38376739e+01 2.38376830e+01 2.38376739e+01 5.59007146e-07 1.08238418e+01 1.07745193e+01 4.93225927e-02
1.75938422e-01 2.34692084e+01 2.33630389e+01 -8.64160447e-06 -8.80134304e-06 0.00000000e+00 2.34454380e+01 2.34454468e+01 2.34454380e+01 5.49808989e-07 1.06456857e+01 1.05975270e+01 4.81587396e-02
1.78103188e-01 2.30672411e+01 2.29627072e+01 -8.29079630e-06 -8.44401018e-06 0.00000000e+00 2.30438489e+01 2.30438574e+01 2.30438489e+01 5.40391494e-07 1.04633525e+01 1.04159357e+01 4.74168071e-02
1.80267955e-01 2.26585245e+01 2.25548187e+01 -7.94952658e-06 -8.09643189e-06 0.00000000e+00 2.26353849e+01 2.26353930e+01 2.26353849e+01 5.30812778e-07 1.02779577e+01 1.02309165e+01 4.70411776e-02
1.82432722e-01 2.22453254e+01 2.21418242e+01 -7.62047275e-06 -7.76129496e-06 0.00000000e+00 2.22223411e+01 2.22223489e+01 2.22223411e+01 5.21126665e-07 1.00905296e+01 1.00435813e+01 4.69483495e-02
1.84597491e-01 2.18314578e+01 2.17277520e+01 -7.30365585e-06 -7.43863228e-06 0.00000000e+00 2.18085644e+01 2.18085718e+01 2.18085644e+01 5.11423363e-07 9.90279839e+00 9.85575717e+00 4.70412201e-02
1.86762260e-01 2.14216358e+01 2.13175431e+01 -6.99945846e-06 -7.12884252e-06 0.00000000e+00 2.13988032e+01 2.13988103e+01 2.13988032e+01 5.01814228e-07 9.71690219e+00 9.66968553e+00 4.72166628e-02
1.88927029e-01 2.10198784e+01 2.09154358e+01 -6.71281541e-06 -6.83688024e-06 0.00000000e+00 2.09971101e+01 2.09971169e+01 2.09971101e+01 4.92394293e-07 9.53466413e+00 9.48728875e+00 4.73753764e-02
1.91091799e-01 2.06314900e+01 2.05269207e+01 -6.44038250e-06 -6.55940982e-06 0.00000000e+00 2.06088173e+01 2.06088238e+01 2.06088173e+01 4.83288604e-07 9.35849029e+00 9.31105740e+00 4.74328863e-02
1.93256570e-01 2.02600180e+01 2.01556901e+01 -6.18339042e-06 -6.29766900e-06 0.00000000e+00 2.02374940e+01 2.02375003e+01 2.02374940e+01 4.74580859e-07 9.18998974e+00 9.14266637e+00 4.73233644e-02
1.95421341e-01 1.99080542e+01 1.98044265e+01 -5.94093699e-06 -6.05075292e-06 0.00000000e+00 1.98857457e+01 1.98857517e+01 1.98857457e+01 4.66332159e-07 9.03033816e+00 8.98333243e+00 4.70057290e-02
1.97586113e-01 1.95758450e+01 1.94734130e+01 -5.71557305e-06 -5.82120500e-06 0.00000000e+00 1.95538244e+01 1.95538302e+01 1.95538244e+01 4.58548414e-07 8.87964733e+00 8.83318394e+00 4.64633858e-02
1.99750886e-01 1.92641162e+01 1.91633557e+01 -5.50261612e-06 -5.60432375e-06 0.00000000e+00 1.92424526e+01 1.92424582e+01 1.92424526e+01 4.51246568e-07 8.73824645e+00 8.69254128e+00 4.57051736e-02
2.01915659e-01 1.89705077e+01 1.88718325e+01 -5.30368469e-06 -5.40170754e-06 0.00000000e+00 1.89492612e+01 1.89492666e+01 1.89492612e+01 4.44371060e-07 8.60506496e+00 8.56030569e+00 4.47592704e-02
2.04080433e-01 1.86933593e+01 1.85970859e+01 -5.11553419e-06 -5.21008671e-06 0.00000000e+00 1.86725750e+01 1.86725802e+01 1.86725750e+01 4.37882610e-07 8.47934985e+00 8.43568003e+00 4.36698219e-02
2.06245207e-01 1.84298032e+01 1.83361258e+01 -4.93747194e-06 -5.02874449e-06 0.00000000e+00 1.84095077e+01 1.84095127e+01 1.84095077e+01 4.31713531e-07 8.35980018e+00 8.31730791e+00 4.24922686e-02
2.08409981e-01 1.81767435e+01 1.80857260e+01 -4.76906831e-06 -4.85722835e-06 0.00000000e+00 1.81569439e+01 1.81569487e+01 1.81569439e+01 4.25790763e-07 8.24501174e+00 8.20372601e+00 4.12857246e-02
2.10574756e-01 1.79309209e+01 1.78425030e+01 -4.61048776e-06 -4.69568194e-06 0.00000000e+00 1.79116054e+01 1.79116101e+01 1.79116054e+01 4.20037437e-07 8.13350608e+00 8.09339949e+00 4.01065877e-02
2.12739532e-01 1.76908092e+01 1.76048196e+01 -4.45505762e-06 -4.53740679e-06 0.00000000e+00 1.76719491e+01 1.76719537e+01 1.76719491e+01 4.14417358e-07 8.02459087e+00 7.98558579e+00 3.90050821e-02
2.14904308e-01 1.74522765e+01 1.73684578e+01 -4.30840388e-06 -4.38801804e-06 0.00000000e+00 1.74338306e+01 1.74338350e+01 1.74338306e+01 4.08833343e-07 7.91639190e+00 7.87837155e+00 3.80203540e-02
2.17069084e-01 1.72147619e+01 1.71328007e+01 -4.16402706e-06 -4.24099689e-06 0.00000000e+00 1.71966803e+01 1.71966846e+01 1.71966803e+01 4.03272032e-07 7.80865472e+00 7.77147696e+00 3.71777539e-02
2.19233861e-01 1.69755842e+01 1.68951419e+01 -4.02687266e-06 -4.10128461e-06 0.00000000e+00 1.69578140e+01 1.69578181e+01 1.69578140e+01 3.97670478e-07 7.70016318e+00 7.66367440e+00 3.64887853e-02
2.21398639e-01 1.67352732e+01 1.66560174e+01 -3.89271432e-06 -3.96464555e-06 0.00000000e+00 1.67177621e+01 1.67177661e+01 1.67177621e+01 3.92041125e-07 7.59115760e+00 7.55520699e+00 3.59506097e-02
2.23563416e-01 1.64941881e+01 1.64158186e+01 -3.76130790e-06 -3.83083363e-06 0.00000000e+00 1.64768889e+01 1.64768927e+01 1.64768889e+01 3.86392508e-07 7.48180083e+00 7.44625226e+00 3.55485716e-02
2.25728194e-01 1.62526509e+01 1.61749251e+01 -3.63546477e-06 -3.70266430e-06 0.00000000e+00 1.62355253e+01 1.62355290e+01 1.62355253e+01 3.80732395e-07 7.37223902e+00 7.33698244e+00 3.52565825e-02
2.27892973e-01 1.60119728e+01 1.59347136e+01 -3.51498314e-06 -3.57993747e-06 0.00000000e+00 1.59949927e+01 1.59949962e+01 1.59949927e+01 3.75091766e-07 7.26306691e+00 7.22802196e+00 3.50449516e-02
2.30057751e-01 1.57746650e+01 1.56977738e+01 -3.39664080e-06 -3.45943057e-06 0.00000000e+00 1.57578136e+01 1.57578171e+01 1.57578136e+01 3.69529781e-07 7.15542353e+00 7.12054553e+00 3.48779990e-02
2.32222531e-01 1.55408480e+01 1.54643002e+01 -3.28514425e-06 -3.34585681e-06 0.00000000e+00 1.55241205e+01 1.55241238e+01 1.55241205e+01 3.64049543e-07 7.04936361e+00 7.01464135e+00 3.47222527e-02
2.34387310e-01 1.53129304e+01 1.52367688e+01 -3.17677861e-06 -3.23549907e-06 0.00000000e+00 1.52963318e+01 1.52963350e+01 1.52963318e+01 3.58707768e-07 6.94597968e+00 6.91143260e+00 3.45470742e-02
2.36552090e-01 1.50912233e+01 1.50155451e+01 -3.07423051e-06 -3.13104706e-06 0.00000000e+00 1.50747672e+01 1.50747703e+01 1.50747672e+01 3.53511950e-07 6.84541286e+00 6.81108506e+00 3.43277988e-02
2.38716870e-01 1.48770850e+01 1.48020263e+01 -2.97599144e-06 -3.03099048e-06 0.00000000e+00 1.48607906e+01 1.48607936e+01 1.48607906e+01 3.48494075e-07 6.74827925e+00 6.71423243e+00 3.40468132e-02
2.40881651e-01 1.46712130e+01 1.45969300e+01 -2.88172366e-06 -2.93498984e-06 0.00000000e+00 1.46551024e+01 1.46551053e+01 1.46551024e+01 3.43670569e-07 6.65489521e+00 6.62120029e+00 3.36949156e-02
2.43046431e-01 1.44732840e+01 1.43999330e+01 -2.79288013e-06 -2.84449666e-06 0.00000000e+00 1.44573797e+01 1.44573826e+01 1.44573797e+01 3.39033859e-07 6.56511420e+00 6.53184203e+00 3.32721735e-02
2.45211212e-01 1.42835373e+01 1.42112615e+01 -2.70803043e-06 -2.75807531e-06 0.00000000e+00 1.42678594e+01 1.42678622e+01 1.42678594e+01 3.34589499e-07 6.47904465e+00 6.44626020e+00 3.27844430e-02
2.47375994e-01 1.41016009e+01 1.40305150e+01 -2.62607772e-06 -2.67462261e-06 0.00000000e+00 1.40861653e+01 1.40861680e+01 1.40861653e+01 3.30328669e-07 6.39651791e+00 6.36427315e+00 3.22447625e-02
2.49540775e-01 1.39255401e+01 1.38557217e+01 -2.54964602e-06 -2.59675920e-06 0.00000000e+00 1.39103573e+01 1.39103599e+01 1.39103573e+01 3.26205870e-07 6.31665633e+00 6.28498655e+00 3.16697872e-02
2.51705557e-01 1.37555109e+01 1.36869950e+01 -2.47442160e-06 -2.52016080e-06 0.00000000e+00 1.37405846e+01 1.37405872e+01 1.37405846e+01 3.22224603e-07 6.23953070e+00 6.20845175e+00 3.10789464e-02
2.53870340e-01 1.35893062e+01 1.35220853e+01 -2.40302127e-06 -2.44744074e-06 0.00000000e+00 1.35746341e+01 1.35746366e+01 1.35746341e+01 3.18332968e-07 6.16413987e+00 6.13364833e+00 3.04915367e-02
2.56035122e-01 1.34259509e+01 1.33599796e+01 -2.33507479e-06 -2.37822339e-06 0.00000000e+00 1.34115250e+01 1.34115274e+01 1.34115250e+01 3.14507966e-07 6.09004154e+00 6.06011682e+00 2.99247198e-02
2.58199905e-01 1.32651698e+01 1.32003685e+01 -2.26858612e-06 -2.31050632e-06 0.00000000e+00 1.32509767e+01 1.32509790e+01 1.32509767e+01 3.10743015e-07 6.01711085e+00 5.98771686e+00 2.93939942e-02
2.60364688e-01 1.31060284e+01 1.30422940e+01 -2.20433957e-06 -2.24507132e-06 0.00000000e+00 1.30920514e+01 1.30920536e+01 1.30920514e+01 3.07016125e-07 5.94492398e+00 5.91601391e+00 2.89100761e-02
2.62529471e-01 1.29485335e+01 1.28857504e+01 -2.14117602e-06 -2.18075563e-06 0.00000000e+00 1.29347538e+01 1.29347560e+01 1.29347538e+01 3.03327406e-07 5.87348395e+00 5.84500539e+00 2.84785608e-02
2.64694254e-01 1.27917672e+01 1.27298168e+01 -2.08086922e-06 -2.11933288e-06 0.00000000e+00 1.27781657e+01 1.27781679e+01 1.27781657e+01 2.99655327e-07 5.80237439e+00 5.77427352e+00 2.81008637e-02
2.66859038e-01 1.26360177e+01 1.25747884e+01 -2.02231967e-06 -2.05970105e-06 0.00000000e+00 1.26225766e+01 1.26225787e+01 1.26225766e+01 2.96006673e-07 5.73172608e+00 5.70395233e+00 2.77737495e-02
2.69023822e-01 1.24810838e+01 1.24204789e+01 -1.96616902e-06 -2.00250149e-06 0.00000000e+00 1.24677875e+01 1.24677895e+01 1.24677875e+01 2.92376780e-07 5.66144770e+00 5.63395717e+00 2.74905248e-02
2.71188606e-01 1.23276603e+01 1.22676035e+01 -1.91120022e-06 -1.94651552e-06 0.00000000e+00 1.23144964e+01 1.23144983e+01 1.23144964e+01 2.88782014e-07 5.59185446e+00 5.56461256e+00 2.72419037e-02
2.73353391e-01 1.21762405e+01 1.21166802e+01 -1.85722215e-06 -1.89155182e-06 0.00000000e+00 1.21632001e+01 1.21632020e+01 1.21632001e+01 2.85234030e-07 5.52317010e+00 5.49615339e+00 2.70167130e-02
2.75518175e-01 1.20264839e+01 1.19673928e+01 -1.80630892e-06 -1.83968680e-06 0.00000000e+00 1.20135623e+01 1.20135641e+01 1.20135623e+01 2.81724936e-07 5.45524015e+00 5.42843631e+00 2.68038459e-02
2.77682960e-01 1.18799210e+01 1.18212956e+01 -1.75595134e-06 -1.78840900e-06 0.00000000e+00 1.18671167e+01 1.18671184e+01 1.18671167e+01 2.78290702e-07 5.38875891e+00 5.36216629e+00 2.65926279e-02
2.79847745e-01 1.17362701e+01 1.16781274e+01 -1.70793085e-06 -1.73950166e-06 0.00000000e+00 1.17235848e+01 1.17235865e+01 1.17235848e+01 2.74924798e-07 5.32359853e+00 5.29722487e+00 2.63736572e-02
2.82012530e-01 1.15959832e+01 1.15383551e+01 -1.66180590e-06 -1.69252240e-06 0.00000000e+00 1.15834210e+01 1.15834227e+01 1.15834210e+01 2.71637877e-07 5.25996408e+00 5.23382384e+00 2.61402420e-02
2.84177315e-01 1.14592957e+01 1.14022244e+01 -1.61728854e-06 -1.64718221e-06 0.00000000e+00 1.14468622e+01 1.14468639e+01 1.14468622e+01 2.68435494e-07 5.19796231e+00 5.17207464e+00 2.58876629e-02
2.86342101e-01 1.13261750e+01 1.12697062e+01 -1.57435131e-06 -1.60345249e-06 0.00000000e+00 1.13138764e+01 1.13138780e+01 1.13138764e+01 2.65316900e-07 5.13757845e+00 5.11196408e+00 2.56143705e-02
2.88506887e-01 1.11964861e+01 1.11406646e+01 -1.53305317e-06 -1.56139102e-06 0.00000000e+00 1.11843284e+01 1.11843300e+01 1.11843284e+01 2.62278926e-07 5.07875128e+00 5.05343054e+00 2.53207449e-02
2.90671673e-01 1.10700973e+01 1.10149613e+01 -1.49332493e-06 -1.52092729e-06 0.00000000e+00 1.10580856e+01 1.10580872e+01 1.10580856e+01 2.59318460e-07 5.02142105e+00 4.99641123e+00 2.50098208e-02
2.92836459e-01 1.09469845e+01 1.08925618e+01 -1.45479712e-06 -1.48169014e-06 0.00000000e+00 1.09351222e+01 1.09351237e+01 1.09351222e+01 2.56434897e-07 4.96557679e+00 4.94089053e+00 2.46862598e-02
2.95001245e-01 1.08267564e+01 1.07730627e+01 -1.41786254e-06 -1.44407149e-06 0.00000000e+00 1.08150451e+01 1.08150466e+01 1.08150451e+01 2.53619020e-07 4.91104104e+00 4.88668547e+00 2.43555723e-02
2.97166031e-01 1.07092894e+01 1.06563265e+01 -1.38212379e-06 -1.40767211e-06 0.00000000e+00 1.06977287e+01 1.06977301e+01 1.06977287e+01 2.50867883e-07 4.85775778e+00 4.83373368e+00 2.40240966e-02
2.99330818e-01 1.05940040e+01 1.05417608e+01 -1.34805655e-06 -1.37296670e-06 0.00000000e+00 1.05825913e+01 1.05825927e+01 1.05825913e+01 2.48167846e-07 4.80546404e+00 4.78176642e+00 2.36976170e-02
3.01495605e-01 1.04811768e+01 1.04296306e+01 -1.31421659e-06 -1.33850806e-06 0.00000000e+00 1.04699080e+01 1.04699093e+01 1.04699080e+01 2.45525356e-07 4.75428539e+00 4.73090388e+00 2.33815071e-02
3.03660392e-01 1.03696427e+01 1.03187608e+01 -1.28218177e-06 -1.30587419e-06 0.00000000e+00 1.03585120e+01 1.03585133e+01 1.03585120e+01 2.42913057e-07 4.70369325e+00 4.68061312e+00 2.30801292e-02
3.05825179e-01 1.02599211e+01 1.02096652e+01 -1.25025632e-06 -1.27336647e-06 0.00000000e+00 1.02489221e+01 1.02489233e+01 1.02489221e+01 2.40343109e-07 4.65392329e+00 4.63112709e+00 2.27961993e-02
3.07989966e-01 1.01509657e+01 1.01012937e+01 -1.22010524e-06 -1.24265060e-06 0.00000000e+00 1.01400914e+01 1.01400927e+01 1.01400914e+01 2.37790968e-07 4.60450087e+00 4.58196955e+00 2.25313192e-02
3.10154753e-01 1.00433633e+01 9.99423333e+00 -1.19038053e-06 -1.21237661e-06 0.00000000e+00 1.00326067e+01 1.00326079e+01 1.00326067e+01 2.35270391e-07 4.55569219e+00 4.53340673e+00 2.22854594e-02
3.12319541e-01 9.93691533e+00 9.88828846e+00 -1.16149132e-06 -1.18295361e-06 0.00000000e+00 9.92626999e+00 9.92627117e+00 9.92626999e+00 2.32776733e-07 4.50740715e+00 4.48534990e+00 2.20572542e-02
3.14484328e-01 9.83166414e+00 9.78350638e+00 -1.13341731e-06 -1.15436091e-06 0.00000000e+00 9.82112429e+00 9.82112545e+00 9.82112429e+00 2.30311006e-07 4.45966498e+00 4.43782050e+00 2.18444703e-02
3.16649116e-01 9.72768085e+00 9.67996549e+00 -1.10614222e-06 -1.12658191e-06 0.00000000e+00 9.71724189e+00 9.71724302e+00 9.71724189e+00 2.27874904e-07 4.41249792e+00 4.39085413e+00 2.16437926e-02
3.18813904e-01 9.62522363e+00 9.57793177e+00 -1.07928601e-06 -1.09923589e-06 0.00000000e+00 9.61488213e+00 9.61488323e+00 9.61488213e+00 2.25474509e-07 4.36602310e+00 4.34457140e+00 2.14516951e-02
3.20978692e-01 9.52401389e+00 9.47713452e+00 -1.05348153e-06 -1.07295603e-06 0.00000000e+00 9.51376773e+00 9.51376880e+00 9.51376773e+00 2.23103318e-07 4.32011413e+00 4.29884954e+00 2.12645906e-02
3.23143480e-01 9.42422989e+00 9.37775982e+00 -1.02859180e-06 -1.04760505e-06 0.00000000e+00 9.41407813e+00 9.41407918e+00 9.41407813e+00 2.20765540e-07 4.27485188e+00 4.25377295e+00 2.10789299e-02
3.25308269e-01 9.32610336e+00 9.28004543e+00 -1.00443447e-06 -1.02300026e-06 0.00000000e+00 9.31604597e+00 9.31604699e+00 9.31604597e+00 2.18466629e-07 4.23034147e+00 4.20944949e+00 2.08919809e-02
3.27473057e-01 9.22980391e+00 9.18416562e+00 -9.80962391e-07 -9.99094328e-07 0.00000000e+00 9.21984152e+00 9.21984252e+00 9.21984152e+00 2.16210580e-07 4.18665982e+00 4.16595819e+00 2.07016315e-02
3.29637846e-01 9.13527161e+00 9.09006343e+00 -9.58502632e-07 -9.76214507e-07 0.00000000e+00 9.12540536e+00 9.12540633e+00 9.12540536e+00 2.13995997e-07 4.14377976e+00 4.12327323e+00 2.05065302e-02
3.31802634e-01 9.04289719e+00 8.99813080e+00 -9.36469940e-07 -9.53774678e-07 0.00000000e+00 9.03312828e+00 9.03312923e+00 9.03312828e+00 2.11832047e-07 4.10187851e+00 4.08157238e+00 2.03061358e-02
3.33967423e-01 8.95248681e+00 8.90817288e+00 -9.15127833e-07 -9.32038185e-07 0.00000000e+00 8.94281634e+00 8.94281728e+00 8.94281634e+00 2.09714180e-07 4.06086816e+00 4.04076726e+00 2.01009007e-02
3.36132212e-01 8.86392922e+00 8.82007607e+00 -8.94443888e-07 -9.10972008e-07 0.00000000e+00 8.85435796e+00 8.85435887e+00 8.85435796e+00 2.07639780e-07 4.02069824e+00 4.00080635e+00 1.98918859e-02
3.38297001e-01 8.77708017e+00 8.73369290e+00 -8.74383560e-07 -8.90540965e-07 0.00000000e+00 8.76760841e+00 8.76760930e+00 8.76760841e+00 2.05605453e-07 3.98130331e+00 3.96162275e+00 1.96805608e-02
3.40461790e-01 8.69178434e+00 8.64886392e+00 -8.54912511e-07 -8.70710089e-07 0.00000000e+00 8.68241177e+00 8.68241265e+00 8.68241177e+00 2.03607543e-07 3.94261293e+00 3.92314414e+00 1.94687977e-02
3.42626579e-01 8.60791168e+00 8.56545476e+00 -8.36000240e-07 -8.51448322e-07 0.00000000e+00 8.59863736e+00 8.59863821e+00 8.59863736e+00 2.01642985e-07 3.90456811e+00 3.88530955e+00 1.92585570e-02
3.44791369e-01 8.52550374e+00 8.48350258e+00 -8.17381939e-07 -8.32490118e-07 0.00000000e+00 8.51632600e+00 8.51632683e+00 8.51632600e+00 1.99712736e-07 3.86718768e+00 3.84813586e+00 1.90518193e-02
3.46956158e-01 8.44418510e+00 8.40262855e+00 -7.99515275e-07 -8.14293212e-07 0.00000000e+00 8.43510185e+00 8.43510266e+00 8.43510185e+00 1.97807984e-07 3.83030136e+00 3.81145122e+00 1.88501438e-02
3.49120948e-01 8.36401526e+00 8.32288934e+00 -7.82134639e-07 -7.96591319e-07 0.00000000e+00 8.35502395e+00 8.35502475e+00 8.35502395e+00 1.95930111e-07 3.79393614e+00 3.77528133e+00 1.86548093e-02
3.51285737e-01 8.28490070e+00 8.24418963e+00 -7.65217555e-07 -7.79361549e-07 0.00000000e+00 8.27599853e+00 8.27599931e+00 8.27599853e+00 1.94076919e-07 3.75804960e+00 3.73958297e+00 1.84666318e-02
3.53450527e-01 8.20674967e+00 8.16643698e+00 -7.48742654e-07 -7.62582135e-07 0.00000000e+00 8.19793374e+00 8.19793450e+00 8.19793374e+00 1.92246255e-07 3.72260011e+00 3.70431419e+00 1.82859284e-02
3.55615317e-01 8.12952281e+00 8.08959235e+00 -7.32642838e-07 -7.46185584e-07 0.00000000e+00 8.12079030e+00 8.12079104e+00 8.12079030e+00 1.90437197e-07 3.68756984e+00 3.66945729e+00 1.81125488e-02
3.57780107e-01 8.05312934e+00 8.01356619e+00 -7.16999521e-07 -7.30253146e-07 0.00000000e+00 8.04447763e+00 8.04447836e+00 8.04447763e+00 1.88647621e-07 3.65291759e+00 3.63497165e+00 1.79459344e-02
3.59944897e-01 7.97762342e+00 7.93841456e+00 -7.01762018e-07 -7.14733927e-07 0.00000000e+00 7.96905019e+00 7.96905091e+00 7.96905019e+00 1.86878805e-07 3.61866793e+00 3.60088271e+00 1.77852234e-02
3.62109687e-01 7.90303743e+00 7.86417230e+00 -6.86960552e-07 -6.99658080e-07 0.00000000e+00 7.89454075e+00 7.89454145e+00 7.89454075e+00 1.85131515e-07 3.58483556e+00 3.56720625e+00 1.76293107e-02
3.64274477e-01 7.82951535e+00 7.79098582e+00 -6.72504489e-07 -6.84934816e-07 0.00000000e+00 7.82109361e+00 7.82109429e+00 7.82109361e+00 1.83409138e-07 3.55148578e+00 3.53400870e+00 1.74770820e-02
3.66439268e-01 7.75709133e+00 7.71889189e+00 -6.58434260e-07 -6.70604518e-07 0.00000000e+00 7.74874334e+00 7.74874401e+00 7.74874334e+00 1.81712482e-07 3.51863408e+00 3.50130673e+00 1.73273521e-02
3.68604058e-01 7.68577234e+00 7.64789971e+00 -6.44739920e-07 -6.56657057e-07 0.00000000e+00 7.67749724e+00 7.67749789e+00 7.67749724e+00 1.80041720e-07 3.48628363e+00 3.46910452e+00 1.71791102e-02
3.70768849e-01 7.61554993e+00 7.57800281e+00 -6.31410555e-07 -6.43081318e-07 0.00000000e+00 7.60734719e+00 7.60734783e+00 7.60734719e+00 1.78396661e-07 3.45443058e+00 3.43739912e+00 1.70314597e-02
3.72933639e-01 7.54639406e+00 7.50917245e+00 -6.18433826e-07 -6.29864732e-07 0.00000000e+00 7.53826337e+00 7.53826400e+00 7.53826337e+00 1.76776606e-07 3.42306133e+00 3.40617752e+00 1.68838083e-02
3.75098430e-01 7.47829405e+00 7.44139870e+00 -6.05799373e-07 -6.16996748e-07 0.00000000e+00 7.47023521e+00 7.47023582e+00 7.47023521e+00 1.75181307e-07 3.39217101e+00 3.37543519e+00 1.67358141e-02
3.77263220e-01 7.41122504e+00 7.37465702e+00 -5.93496027e-07 -6.04465990e-07 0.00000000e+00 7.40323791e+00 7.40323851e+00 7.40323791e+00 1.73610181e-07 3.36174835e+00 3.34516102e+00 1.65873358e-02
3.79428011e-01 7.34521048e+00 7.30897050e+00 -5.81516805e-07 -5.92265348e-07 0.00000000e+00 7.33729485e+00 7.33729544e+00 7.33729485e+00 1.72063779e-07 3.33180400e+00 3.31536546e+00 1.64385362e-02
3.97526073e-01 6.83011107e+00 6.79650634e+00 -4.92622965e-07 -5.01728422e-07 0.00000000e+00 6.82276538e+00 6.82276589e+00 6.82276538e+00 1.59997767e-07 3.09815375e+00 3.08291057e+00 1.52431800e-02
4.17936846e-01 6.31215846e+00 6.28106016e+00 -4.11883101e-07 -4.19496195e-07 0.00000000e+00 6.30536320e+00 6.30536361e+00 6.30536320e+00 1.47864389e-07 2.86320928e+00 2.84910302e+00 1.41062611e-02
4.41468851e-01 5.78939618e+00 5.76089900e+00 -3.38571949e-07 -3.44829986e-07 0.00000000e+00 5.78316774e+00 5.78316808e+00 5.78316774e+00 1.35618605e-07 2.62608313e+00 2.61315675e+00 1.29263838e-02
4.69428485e-01 5.25138377e+00 5.22552365e+00 -2.71614161e-07 -2.76634575e-07 0.00000000e+00 5.24573237e+00 5.24573265e+00 5.24573237e+00 1.23015437e-07 2.38203949e+00 2.37030929e+00 1.17302089e-02
5.04082741e-01 4.68736054e+00 4.66428549e+00 -2.10253032e-07 -2.14139270e-07 0.00000000e+00 4.68231732e+00 4.68231754e+00 4.68231732e+00 1.09803031e-07 2.12619729e+00 2.11573039e+00 1.04668947e-02
5.49713201e-01 4.07860946e+00 4.05853334e+00 -1.53835725e-07 -1.56679167e-07 0.00000000e+00 4.07422155e+00 4.07422171e+00 4.07422155e+00 9.55428356e-08 1.85006643e+00 1.84095985e+00 9.10657521e-03
6.15108224e-01 3.40066469e+00 3.38392724e+00 -1.02441946e-07 -1.04335445e-07 0.00000000e+00 3.39700639e+00 3.39700650e+00 3.39700639e+00 7.96617512e-08 1.54254916e+00 1.53495701e+00 7.59214428e-03
7.18273358e-01 2.64033598e+00 2.62734158e+00 -5.83305344e-08 -5.94086954e-08 0.00000000e+00 2.63749575e+00 2.63749581e+00 2.63749575e+00 6.18507903e-08 1.19766234e+00 1.19176805e+00 5.89429176e-03
8.82918036e-01 1.87794690e+00 1.86870400e+00 -2.74555430e-08 -2.79630507e-08 0.00000000e+00 1.87592668e+00 1.87592671e+00 1.87592668e+00 4.39915582e-08 8.51840937e-01 8.47648340e-01 4.19259725e-03
1.10948598e+00 1.28191906e+00 1.27560774e+00 -1.18689689e-08 -1.20883588e-08 0.00000000e+00 1.28053972e+00 1.28053973e+00 1.28053972e+00 3.00293919e-08 5.81481370e-01 5.78618541e-01 2.86282959e-03
1.39671953e+00 8.68467706e-01 8.64189026e-01 -5.07413408e-09 -5.16791966e-09 0.00000000e+00 8.67532773e-01 8.67532778e-01 8.67532773e-01 2.03441418e-08 3.93938905e-01 3.91998086e-01 1.94081883e-03
1.75836555e+00 5.85915172e-01 5.83024988e-01 -2.16073414e-09 -2.20065785e-09 0.00000000e+00 5.85283853e-01 5.85283856e-01 5.85283853e-01 1.37252426e-08 2.65772440e-01 2.64461446e-01 1.31099394e-03
2.21365107e+00 3.93828530e-01 3.91881876e-01 -9.16351625e-10 -9.33283162e-10 0.00000000e+00 3.93403553e-01 3.93403554e-01 3.93403553e-01 9.22553929e-09 1.78641507e-01 1.77758501e-01 8.83006781e-04
2.78682159e+00 2.63823276e-01 2.62514888e-01 -3.87309502e-10 -3.94465864e-10 0.00000000e+00 2.63537900e-01 2.63537901e-01 2.63537900e-01 6.18011514e-09 1.19670831e-01 1.19077344e-01 5.93487551e-04
3.50840052e+00 1.76193181e-01 1.75314717e-01 -1.63144976e-10 -1.66160318e-10 0.00000000e+00 1.76001857e-01 1.76001858e-01 1.76001857e-01 4.12734465e-09 7.99216234e-02 7.95231502e-02 3.98473188e-04
4.41681457e+00 1.17333483e-01 1.16743486e-01 -6.85759808e-11 -6.98429465e-11 0.00000000e+00 1.17205284e-01 1.17205284e-01 1.17205284e-01 2.74853124e-09 5.32227321e-02 5.29551077e-02 2.67624378e-04
5.56044010e+00 7.79382762e-02 7.75411043e-02 -2.87353983e-11 -2.92663424e-11 0.00000000e+00 7.78522875e-02 7.78522875e-02 7.78522875e-02 1.82568086e-09 3.53529774e-02 3.51728194e-02 1.80158044e-04
7.00017934e+00 5.16475237e-02 5.13787781e-02 -1.20133590e-11 -1.22353243e-11 0.00000000e+00 5.15896639e-02 5.15896639e-02 5.15896639e-02 1.20980725e-09 2.34274330e-02 2.33055294e-02 1.21903612e-04
8.81270366e+00 3.41497757e-02 3.39662519e-02 -5.01343221e-12 -5.10601872e-12 0.00000000e+00 3.41105971e-02 3.41105971e-02 3.41105971e-02 7.99913095e-10 1.54904151e-02 1.54071683e-02 8.32468079e-05
1.10945366e+01 2.25345130e-02 2.24073138e-02 -2.08765051e-12 -2.12618699e-12 0.00000000e+00 2.25076963e-02 2.25076963e-02 2.25076963e-02 5.27818406e-10 1.02217058e-02 1.01640080e-02 5.76978362e-05
1.39671940e+01 1.48418740e-02 1.47517320e-02 -8.67719180e-13 -8.83725631e-13 0.00000000e+00 1.48232055e-02 1.48232055e-02 1.48232055e-02 3.47612683e-10 6.73230744e-03 6.69141881e-03 4.08886296e-05
1.75836555e+01 9.75796812e-03 9.69207415e-03 -3.60057565e-13 -3.66692251e-13 0.00000000e+00 9.74464631e-03 9.74464631e-03 9.74464631e-03 2.28517553e-10 4.42623629e-03 4.39634664e-03 2.98896491e-05
2.21365107e+01 6.40450801e-03 6.35436965e-03 -1.49186562e-13 -1.51930686e-13 0.00000000e+00 6.39467523e-03 6.39467523e-03 6.39467523e-03 1.49958807e-10 2.90509924e-03 2.88235637e-03 2.27428729e-05
2.78682159e+01 4.19655144e-03 4.15655426e-03 -6.17330991e-14 -6.28653745e-14 0.00000000e+00 4.18897912e-03 4.18897912e-03 4.18897912e-03 9.82339665e-11 1.90356518e-03 1.88542236e-03 1.81428129e-05
3.50840052e+01 2.74525432e-03 2.71170150e-03 -2.55156166e-14 -2.59815052e-14 0.00000000e+00 2.73913280e-03 2.73913280e-03 2.73913280e-03 6.42342375e-11 1.24525354e-03 1.23003390e-03 1.52196369e-05
4.41681457e+01 1.79276657e-03 1.76324023e-03 -1.05363735e-14 -1.07273899e-14 0.00000000e+00 1.78756512e-03 1.78756512e-03 1.78756512e-03 4.19194289e-11 8.13202950e-04 7.99809738e-04 1.33932129e-05
5.56044010e+01 1.16854683e-03 1.14148548e-03 -4.34806876e-15 -4.42601370e-15 0.00000000e+00 1.16392088e-03 1.16392088e-03 1.16392088e-03 2.72946133e-11 5.30055473e-04 5.17780380e-04 1.22750927e-05
7.00017934e+01 7.59994817e-04 7.34422500e-04 -1.79377124e-15 -1.82536282e-15 0.00000000e+00 7.55725884e-04 7.55725884e-04 7.55725884e-04 1.77222061e-11 3.44735359e-04 3.33135699e-04 1.15996601e-05
