# k, delta_cdm, delta_b, delta_g, delta_nu, delta_num, delta_tot, delta_nonu, delta_tot_nodm, phi, v_cdm, v_b, v_b_cdm
7.01724698e-11 6.30511319e+02 6.30511319e+02 8.40681759e+02 8.40681759e+02 0.00000000e+00 6.30573882e+02 -2.10107877e+02 6.30573882e+02 1.47990621e-05 2.86001353e+02 2.86001353e+02 0.00000000e+00
8.66871096e-06 6.30513644e+02 6.30513622e+02 8.40012191e+02 8.39997667e+02 0.00000000e+00 6.30576001e+02 -2.09421666e+02 6.30576001e+02 1.47991050e-05 2.86002408e+02 2.86002397e+02 1.00971589e-05
1.73489853e-05 6.30509814e+02 6.30509725e+02 8.37988483e+02 8.37930416e+02 0.00000000e+00 6.30571554e+02 -2.07358862e+02 6.30571554e+02 1.47989809e-05 2.86000670e+02 2.86000630e+02 4.04247208e-05
2.60641637e-05 6.30503139e+02 6.30502938e+02 8.34607840e+02 8.34477189e+02 0.00000000e+00 6.30563848e+02 -2.03913341e+02 6.30563848e+02 1.47987672e-05 2.85997643e+02 2.85997551e+02 9.11716465e-05
3.48377350e-05 6.30493731e+02 6.30493372e+02 8.29854924e+02 8.29622541e+02 0.00000000e+00 6.30552990e+02 -1.99069550e+02 6.30552990e+02 1.47984661e-05 2.85993375e+02 2.85993212e+02 1.62710921e-04
4.36936151e-05 6.30481492e+02 6.30480928e+02 8.23705949e+02 8.23342507e+02 0.00000000e+00 6.30538876e+02 -1.92803631e+02 6.30538876e+02 1.47980748e-05 2.85987823e+02 2.85987568e+02 2.55595311e-04
5.26563607e-05 6.30466315e+02 6.30465498e+02 8.16129096e+02 8.15605025e+02 0.00000000e+00 6.30521389e+02 -1.85083636e+02 6.30521389e+02 1.47975904e-05 2.85980939e+02 2.85980568e+02 3.70575306e-04
6.17513899e-05 6.30448054e+02 6.30446932e+02 8.07084639e+02 8.06370092e+02 0.00000000e+00 6.30500370e+02 -1.75869723e+02 6.30500370e+02 1.47970085e-05 2.85972656e+02 2.85972147e+02 5.08601149e-04
7.10052136e-05 6.30426525e+02 6.30425046e+02 7.96525212e+02 7.95590058e+02 0.00000000e+00 6.30475621e+02 -1.65114437e+02 6.30475621e+02 1.47963240e-05 2.85962890e+02 2.85962220e+02 6.70827717e-04
8.04456795e-05 6.30401514e+02 6.30399621e+02 7.84396196e+02 7.83210039e+02 0.00000000e+00 6.30446911e+02 -1.52763128e+02 6.30446911e+02 1.47955308e-05 2.85951545e+02 2.85950687e+02 8.58641293e-04
9.01022328e-05 6.30372762e+02 6.30370395e+02 7.70636246e+02 7.69168506e+02 0.00000000e+00 6.30413962e+02 -1.38754543e+02 6.30413962e+02 1.47946216e-05 2.85938503e+02 2.85937430e+02 1.07366796e-03
1.00006196e-04 6.30339967e+02 6.30337062e+02 7.55178112e+02 7.53398157e+02 0.00000000e+00 6.30376452e+02 -1.23021705e+02 6.30376452e+02 1.47935880e-05 2.85923627e+02 2.85922310e+02 1.31778994e-03
1.10191069e-04 6.30302776e+02 6.30299264e+02 7.37949763e+02 7.35827140e+02 0.00000000e+00 6.30334006e+02 -1.05493134e+02 6.30334006e+02 1.47924203e-05 2.85906757e+02 2.85905164e+02 1.59315265e-03
1.20692859e-04 6.30260778e+02 6.30256584e+02 7.18876048e+02 7.16380771e+02 0.00000000e+00 6.30286190e+02 -8.60945811e+01 6.30286190e+02 1.47911071e-05 2.85887707e+02 2.85885805e+02 1.90222052e-03
1.31550430e-04 6.30213498e+02 6.30208543e+02 6.97880930e+02 6.94983908e+02 0.00000000e+00 6.30232505e+02 -6.47514028e+01 6.30232505e+02 1.47896358e-05 2.85866261e+02 2.85864013e+02 2.24779539e-03
1.42805889e-04 6.30160388e+02 6.30154584e+02 6.74890487e+02 6.71564161e+02 0.00000000e+00 6.30172381e+02 -4.13917800e+01 6.30172381e+02 1.47879917e-05 2.85842170e+02 2.85839537e+02 2.63296009e-03
1.54504999e-04 6.30100817e+02 6.30094068e+02 6.49837089e+02 6.46056179e+02 0.00000000e+00 6.30105165e+02 -1.59510143e+01 6.30105165e+02 1.47861583e-05 2.85815148e+02 2.85812087e+02 3.06121065e-03
1.66697620e-04 6.30034057e+02 6.30026261e+02 6.22664746e+02 6.18407289e+02 0.00000000e+00 6.30030113e+02 1.16228243e+01 6.30030113e+02 1.47841170e-05 2.85784866e+02 2.85781330e+02 3.53638658e-03
1.79438188e-04 6.29959275e+02 6.29950318e+02 5.93336148e+02 5.88584775e+02 0.00000000e+00 6.29946379e+02 4.13616042e+01 6.29946379e+02 1.47818468e-05 2.85750945e+02 2.85746882e+02 4.06272851e-03
1.92786206e-04 6.29875514e+02 6.29865274e+02 5.61841555e+02 5.56585131e+02 0.00000000e+00 6.29853004e+02 7.32678727e+01 6.29853004e+02 1.47793240e-05 2.85712950e+02 2.85708305e+02 4.64483486e-03
2.06806760e-04 6.29781678e+02 6.29770021e+02 5.28209936e+02 5.22445551e+02 0.00000000e+00 6.29748899e+02 1.07303347e+02 6.29748899e+02 1.47765224e-05 2.85670386e+02 2.85665099e+02 5.28764788e-03
2.21571036e-04 6.29676516e+02 6.29663296e+02 4.92522527e+02 4.86257868e+02 0.00000000e+00 6.29632836e+02 1.43374968e+02 6.29632836e+02 1.47734125e-05 2.85622684e+02 2.85616688e+02 5.99641405e-03
2.37156822e-04 6.29558598e+02 6.29543659e+02 4.54928719e+02 4.48184909e+02 0.00000000e+00 6.29503433e+02 1.81318524e+02 6.29503433e+02 1.47699619e-05 2.85569197e+02 2.85562420e+02 6.77652394e-03
2.53648969e-04 6.29426303e+02 6.29409475e+02 4.15664266e+02 4.08478869e+02 0.00000000e+00 6.29359137e+02 2.20880269e+02 6.29359137e+02 1.47661347e-05 2.85509187e+02 2.85501554e+02 7.63359990e-03
2.71139765e-04 6.29277791e+02 6.29258892e+02 3.75070120e+02 3.67500684e+02 0.00000000e+00 6.29198211e+02 2.61697528e+02 6.29198211e+02 1.47618914e-05 2.85441822e+02 2.85433249e+02 8.57285254e-03
2.89729192e-04 6.29110987e+02 6.29089825e+02 3.33611134e+02 3.25738426e+02 0.00000000e+00 6.29018721e+02 3.03280295e+02 6.29018721e+02 1.47571894e-05 2.85366159e+02 2.85356560e+02 9.59917056e-03
3.09524979e-04 6.28923566e+02 6.28899940e+02 2.91890539e+02 2.83821432e+02 0.00000000e+00 6.28818523e+02 3.44997091e+02 6.28818523e+02 1.47519819e-05 2.85281145e+02 2.85270428e+02 1.07165415e-02
3.30642400e-04 6.28712938e+02 6.28686643e+02 2.50655939e+02 2.42525214e+02 0.00000000e+00 6.28595254e+02 3.86070040e+02 6.28595254e+02 1.47462189e-05 2.85185603e+02 2.85173676e+02 1.19275355e-02
3.53203703e-04 6.28476246e+02 6.28447074e+02 2.10790325e+02 2.02760407e+02 0.00000000e+00 6.28346323e+02 4.25585916e+02 6.28346323e+02 1.47398468e-05 2.85078239e+02 2.85065007e+02 1.32327732e-02
3.77337101e-04 6.28210370e+02 6.28178117e+02 1.73279926e+02 1.65537581e+02 0.00000000e+00 6.28068908e+02 4.62531327e+02 6.28068908e+02 1.47328081e-05 2.84957637e+02 2.84943007e+02 1.46300440e-02
4.03175206e-04 6.27911944e+02 6.27876422e+02 1.39150844e+02 1.31899664e+02 0.00000000e+00 6.27759955e+02 4.95860291e+02 6.27759955e+02 1.47250417e-05 2.84822271e+02 2.84806158e+02 1.61128210e-02
4.30852844e-04 6.27577391e+02 6.27538435e+02 1.09369426e+02 1.02816453e+02 0.00000000e+00 6.27416178e+02 5.24599725e+02 6.27416178e+02 1.47164820e-05 2.84670517e+02 2.84652846e+02 1.76708139e-02
4.60504195e-04 6.27202977e+02 6.27160456e+02 8.47061365e+01 7.90430471e+01 0.00000000e+00 6.27034078e+02 5.47991031e+02 6.27034078e+02 1.47070590e-05 2.84500681e+02 2.84481394e+02 1.92875316e-02
4.92259281e-04 6.26784875e+02 6.26738710e+02 6.55782807e+01 6.09573052e+01 0.00000000e+00 6.26609958e+02 5.65652653e+02 6.26609958e+02 1.46966968e-05 2.84311030e+02 2.84290089e+02 2.09407871e-02
5.26239874e-04 6.26319262e+02 6.26269434e+02 5.19021666e+01 4.84100194e+01 0.00000000e+00 6.26139971e+02 5.77729951e+02 6.26139971e+02 1.46853138e-05 2.84099826e+02 2.84077224e+02 2.26021762e-02
5.62555043e-04 6.25802410e+02 6.25748976e+02 4.30055333e+01 4.06405816e+01 0.00000000e+00 6.25620191e+02 5.84979609e+02 6.25620191e+02 1.46728223e-05 2.83865381e+02 2.83841144e+02 2.42374553e-02
6.01296606e-04 6.25230797e+02 6.25173899e+02 3.76599459e+01 3.63199938e+01 0.00000000e+00 6.25046734e+02 5.88726740e+02 6.25046734e+02 1.46591306e-05 2.83606096e+02 2.83580287e+02 2.58089462e-02
6.42534877e-04 6.24601216e+02 6.24541082e+02 3.42791465e+01 3.37672873e+01 0.00000000e+00 6.24415924e+02 5.90648636e+02 6.24415924e+02 1.46441459e-05 2.83320517e+02 2.83293240e+02 2.72769953e-02
6.86315124e-04 6.23910879e+02 6.23847821e+02 3.12800497e+01 3.13327112e+01 0.00000000e+00 6.23724506e+02 5.92391795e+02 6.23724506e+02 1.46277809e-05 2.83007379e+02 2.82978775e+02 2.86032755e-02
7.32655124e-04 6.23157507e+02 6.23091909e+02 2.75216587e+01 2.78560153e+01 0.00000000e+00 6.22969872e+02 5.95113857e+02 6.22969872e+02 1.46099611e-05 2.82665647e+02 2.82635892e+02 2.97551601e-02
7.81544127e-04 6.22339407e+02 6.22271704e+02 2.26554960e+01 2.30243430e+01 0.00000000e+00 6.22150239e+02 5.99125896e+02 6.22150239e+02 1.45906326e-05 2.82294556e+02 2.82263845e+02 3.07103521e-02
8.32943351e-04 6.21455540e+02 6.21386187e+02 1.71965712e+01 1.74322208e+01 0.00000000e+00 6.21264732e+02 6.03832511e+02 6.21264732e+02 1.45697667e-05 2.81893631e+02 2.81862172e+02 3.14588491e-02
8.86787978e-04 6.20505550e+02 6.20434993e+02 1.22111823e+01 1.22419755e+01 0.00000000e+00 6.20313326e+02 6.08071350e+02 6.20313326e+02 1.45473605e-05 2.81462714e+02 2.81430709e+02 3.20046053e-02
9.42990408e-04 6.19488204e+02 6.19416841e+02 8.71307256e+00 8.54761696e+00 0.00000000e+00 6.19295091e+02 6.10747474e+02 6.19295091e+02 1.45233946e-05 2.81001243e+02 2.80968873e+02 3.23704579e-02
1.00144441e-03 6.18405411e+02 6.18333564e+02 7.06919020e+00 6.76015026e+00 0.00000000e+00 6.18212036e+02 6.11451886e+02 6.18212036e+02 1.44979204e-05 2.80510086e+02 2.80477496e+02 3.25899270e-02
1.06202975e-03 6.17259481e+02 6.17187372e+02 6.77693827e+00 6.38680238e+00 0.00000000e+00 6.17066309e+02 6.10679506e+02 6.17066309e+02 1.44709909e-05 2.79990289e+02 2.79957581e+02 3.27085376e-02
1.12461685e-03 6.16052499e+02 6.15980234e+02 6.78838170e+00 6.37414808e+00 0.00000000e+00 6.15859662e+02 6.09485514e+02 6.15859662e+02 1.44426464e-05 2.79442800e+02 2.79410020e+02 3.27794055e-02
1.18907121e-03 6.14786960e+02 6.14714521e+02 6.19153682e+00 5.80722391e+00 0.00000000e+00 6.14594298e+02 6.08787074e+02 6.14594298e+02 1.44129342e-05 2.78868748e+02 2.78835890e+02 3.28581423e-02
1.25525718e-03 6.13465647e+02 6.13392906e+02 4.77860605e+00 4.47802812e+00 0.00000000e+00 6.13272920e+02 6.08794892e+02 6.13272920e+02 1.43819131e-05 2.78269398e+02 2.78236402e+02 3.29957486e-02
1.32304119e-03 6.12091548e+02 6.12018280e+02 3.08334513e+00 2.90709162e+00 0.00000000e+00 6.11898658e+02 6.08991566e+02 6.11898658e+02 1.43496535e-05 2.77646103e+02 2.77612869e+02 3.32343793e-02
1.39229413e-03 6.10667776e+02 6.10593693e+02 1.87010003e+00 1.82104753e+00 0.00000000e+00 6.10474835e+02 6.08653788e+02 6.10474835e+02 1.43162336e-05 2.77000277e+02 2.76966673e+02 3.36045057e-02
1.46289315e-03 6.09197494e+02 6.09122274e+02 1.49817308e+00 1.52915926e+00 0.00000000e+00 6.09004710e+02 6.07475551e+02 6.09004710e+02 1.42817315e-05 2.76333354e+02 2.76299234e+02 3.41203710e-02
1.53472279e-03 6.07683860e+02 6.07607179e+02 1.68273991e+00 1.71617334e+00 0.00000000e+00 6.07491351e+02 6.05775178e+02 6.07491351e+02 1.42462204e-05 2.75646766e+02 2.75611983e+02 3.47827901e-02
1.60767562e-03 6.06130017e+02 6.06051581e+02 1.81902805e+00 1.79035292e+00 0.00000000e+00 6.05937726e+02 6.04147373e+02 6.05937726e+02 1.42097693e-05 2.74941939e+02 2.74906361e+02 3.55787833e-02
1.68165249e-03 6.04538958e+02 6.04458518e+02 1.53737188e+00 1.42926151e+00 0.00000000e+00 6.04346730e+02 6.02917468e+02 6.04346730e+02 1.41724443e-05 2.74220231e+02 2.74183744e+02 3.64876071e-02
1.75656249e-03 6.02913621e+02 6.02830991e+02 9.74283169e-01 8.13580376e-01 0.00000000e+00 6.02721357e+02 6.01907776e+02 6.02721357e+02 1.41343141e-05 2.73482975e+02 2.73445494e+02 3.74813794e-02
1.83232264e-03 6.01256770e+02 6.01171823e+02 5.46222043e-01 3.69649873e-01 0.00000000e+00 6.01064504e+02 6.00694854e+02 6.01064504e+02 1.40954464e-05 2.72731424e+02 2.72692892e+02 3.85322098e-02
1.90885753e-03 5.99571043e+02 5.99483710e+02 4.96409724e-01 3.20000206e-01 0.00000000e+00 5.99378886e+02 5.99058886e+02 5.99378886e+02 1.40559054e-05 2.71966774e+02 2.71927160e+02 3.96143446e-02
1.98609882e-03 5.97858938e+02 5.97769194e+02 6.74984813e-01 4.95337479e-01 0.00000000e+00 5.97666963e+02 5.97171625e+02 5.97666963e+02 1.40157496e-05 2.71190160e+02 2.71149451e+02 4.07084093e-02
2.06398467e-03 5.96122736e+02 5.96030579e+02 7.38536521e-01 5.58085020e-01 0.00000000e+00 5.95930915e+02 5.95372829e+02 5.95930915e+02 1.39750297e-05 2.70402614e+02 2.70360812e+02 4.18026732e-02
2.14245923e-03 5.94364667e+02 5.94270104e+02 5.19308736e-01 3.73958520e-01 0.00000000e+00 5.94172927e+02 5.93798969e+02 5.94172927e+02 1.39337962e-05 2.69605150e+02 2.69562256e+02 4.28936707e-02
2.22147211e-03 5.92586729e+02 5.92489759e+02 1.70524801e-01 3.19612597e-01 0.00000000e+00 5.92395070e+02 5.92075457e+02 5.92395070e+02 1.38920967e-05 2.68798673e+02 2.68754688e+02 4.39856972e-02
2.30097784e-03 5.90790832e+02 5.90691430e+02 -3.47084018e-02 6.68262985e-01 0.00000000e+00 5.90599329e+02 5.89931066e+02 5.90599329e+02 1.38499784e-05 2.67984051e+02 2.67938961e+02 4.50890830e-02
2.38093540e-03 5.88978673e+02 5.88876781e+02 -1.11300851e-03 1.15895792e+00 0.00000000e+00 5.88787382e+02 5.87628424e+02 5.88787382e+02 1.38074810e-05 2.67162051e+02 2.67115833e+02 4.62182406e-02
2.46130777e-03 5.87151919e+02 5.87047450e+02 1.16718688e-01 1.42548921e+00 0.00000000e+00 5.86960817e+02 5.85535328e+02 5.86960817e+02 1.37646419e-05 2.66333431e+02 2.66286044e+02 4.73873348e-02
2.54206153e-03 5.85312060e+02 5.85204893e+02 1.15392172e-01 1.36070142e+00 0.00000000e+00 5.85121071e+02 5.83760370e+02 5.85121071e+02 1.37214943e-05 2.65498867e+02 2.65450256e+02 4.86110046e-02
2.62316647e-03 5.83460519e+02 5.83350513e+02 -3.29511915e-02 1.14658221e+00 0.00000000e+00 5.83269581e+02 5.82122999e+02 5.83269581e+02 1.36780714e-05 2.64659004e+02 2.64609105e+02 4.98989918e-02
2.70459529e-03 5.81598554e+02 5.81485552e+02 -1.78447225e-01 1.02688068e+00 0.00000000e+00 5.81407656e+02 5.80380775e+02 5.81407656e+02 1.36344040e-05 2.63814413e+02 2.63763155e+02 5.12576655e-02
2.78632325e-03 5.79727360e+02 5.79611209e+02 -1.87549954e-01 1.07830340e+00 0.00000000e+00 5.79536526e+02 5.78458223e+02 5.79536526e+02 1.35905210e-05 2.62965635e+02 2.62912948e+02 5.26867462e-02
2.86832795e-03 5.77848074e+02 5.77728622e+02 -9.31353027e-02 1.18181055e+00 0.00000000e+00 5.77657307e+02 5.76475496e+02 5.77657307e+02 1.35464488e-05 2.62113186e+02 2.62059003e+02 5.41836708e-02
2.95058904e-03 5.75961692e+02 5.75838808e+02 -3.67141971e-02 1.18325897e+00 0.00000000e+00 5.75770954e+02 5.74587695e+02 5.75770954e+02 1.35022098e-05 2.61257519e+02 2.61201779e+02 5.57403456e-02
3.03308806e-03 5.74069233e+02 5.73942804e+02 -9.15372672e-02 1.05833251e+00 0.00000000e+00 5.73878473e+02 5.72820140e+02 5.73878473e+02 1.34578272e-05 2.60399096e+02 2.60341747e+02 5.73483008e-02
3.11580819e-03 5.72171450e+02 5.72041385e+02 -1.82651350e-01 9.17622279e-01 0.00000000e+00 5.71980647e+02 5.71063025e+02 5.71980647e+02 1.34133194e-05 2.59538257e+02 2.59479259e+02 5.89980449e-02
3.19873413e-03 5.70268730e+02 5.70134952e+02 -6.35635264e-01 -6.47385443e-01 0.00000000e+00 5.70077636e+02 5.70725021e+02 5.70077636e+02 1.33686944e-05 2.58675179e+02 2.58614497e+02 6.06821288e-02
3.28185191e-03 5.68362497e+02 5.68224943e+02 -6.01833526e-01 -6.12958747e-01 0.00000000e+00 5.68171384e+02 5.68784343e+02 5.68171384e+02 1.33239892e-05 2.57810507e+02 2.57748113e+02 6.23947035e-02
3.36514877e-03 5.66453619e+02 5.66312232e+02 -5.70483697e-01 -5.81029419e-01 0.00000000e+00 5.66262477e+02 5.66843507e+02 5.66262477e+02 1.32792219e-05 2.56944636e+02 2.56880502e+02 6.41334907e-02
3.44861305e-03 5.64542210e+02 5.64396932e+02 -5.41373488e-01 -5.51381036e-01 0.00000000e+00 5.64351031e+02 5.64902412e+02 5.64351031e+02 1.32343953e-05 2.56077616e+02 2.56011718e+02 6.58980839e-02
3.53223408e-03 5.62628096e+02 5.62478864e+02 -5.14311409e-01 -5.23818412e-01 0.00000000e+00 5.62436870e+02 5.62960688e+02 5.62436870e+02 1.31895052e-05 2.55209370e+02 2.55141678e+02 6.76916842e-02
3.61600205e-03 5.60714962e+02 5.60561701e+02 -4.89071993e-01 -4.98112729e-01 0.00000000e+00 5.60523676e+02 5.61021789e+02 5.60523676e+02 1.31446378e-05 2.54341568e+02 2.54272049e+02 6.95193279e-02
3.69990797e-03 5.58800783e+02 5.58643409e+02 -4.65535492e-01 -4.74141316e-01 0.00000000e+00 5.58609424e+02 5.59083565e+02 5.58609424e+02 1.30997458e-05 2.53473293e+02 2.53401907e+02 7.13854604e-02
3.78394359e-03 5.56886039e+02 5.56724454e+02 -4.43555849e-01 -4.51755456e-01 0.00000000e+00 5.56694591e+02 5.57146346e+02 5.56694591e+02 1.30548403e-05 2.52604760e+02 2.52531465e+02 7.32953588e-02
3.86810130e-03 5.54959020e+02 5.54793120e+02 -4.23154065e-01 -4.30973912e-01 0.00000000e+00 5.54767469e+02 5.55198443e+02 5.54767469e+02 1.30096467e-05 2.51730660e+02 2.51655408e+02 7.52525079e-02
3.95237408e-03 5.53045464e+02 5.52875141e+02 -4.03894810e-01 -4.11358887e-01 0.00000000e+00 5.52853789e+02 5.53265148e+02 5.52853789e+02 1.29647684e-05 2.50862667e+02 2.50785408e+02 7.72588011e-02
4.03675547e-03 5.51132289e+02 5.50957435e+02 -3.85844164e-01 -3.92974686e-01 0.00000000e+00 5.50940473e+02 5.51333448e+02 5.50940473e+02 1.29198987e-05 2.49994846e+02 2.49915532e+02 7.93143810e-02
4.12123950e-03 5.49220166e+02 5.49040675e+02 -3.68903223e-01 -3.75720651e-01 0.00000000e+00 5.49028191e+02 5.49403912e+02 5.49028191e+02 1.28750533e-05 2.49127503e+02 2.49046085e+02 8.14176676e-02
4.20582064e-03 5.47310643e+02 5.47126416e+02 -3.52973259e-01 -3.59496451e-01 0.00000000e+00 5.47118492e+02 5.47477989e+02 5.47118492e+02 1.28302686e-05 2.48261339e+02 2.48177773e+02 8.35655873e-02
4.29049380e-03 5.45405574e+02 5.45216522e+02 -3.37960939e-01 -3.44207298e-01 0.00000000e+00 5.45213232e+02 5.45557440e+02 5.45213232e+02 1.27855881e-05 2.47397195e+02 2.47311441e+02 8.57543862e-02
4.37525423e-03 5.43504775e+02 5.43310816e+02 -3.23803462e-01 -3.29789089e-01 0.00000000e+00 5.43312228e+02 5.43642017e+02 5.43312228e+02 1.27410074e-05 2.46534989e+02 2.46447009e+02 8.79802266e-02
4.46009754e-03 5.41598940e+02 5.41400001e+02 -3.10528067e-01 -3.16267965e-01 0.00000000e+00 5.41406177e+02 5.41722445e+02 5.41406177e+02 1.26963085e-05 2.45670498e+02 2.45580259e+02 9.02391936e-02
4.54501966e-03 5.39696644e+02 5.39492656e+02 -2.97992009e-01 -3.03500011e-01 0.00000000e+00 5.39503653e+02 5.39807153e+02 5.39503653e+02 1.26516923e-05 2.44807612e+02 2.44715083e+02 9.25295149e-02
4.63001679e-03 5.37799020e+02 5.37589917e+02 -2.86135532e-01 -2.91424477e-01 0.00000000e+00 5.37605788e+02 5.37897212e+02 5.37605788e+02 1.26071854e-05 2.43946845e+02 2.43851996e+02 9.48493387e-02
4.71508543e-03 5.35904333e+02 5.35690050e+02 -2.74926995e-01 -2.80008831e-01 0.00000000e+00 5.35710849e+02 5.35990858e+02 5.35710849e+02 1.25627472e-05 2.43087411e+02 2.42990212e+02 9.71990114e-02
4.80022229e-03 5.34012803e+02 5.33793274e+02 -2.64320881e-01 -2.69206730e-01 0.00000000e+00 5.33819057e+02 5.34088264e+02 5.33819057e+02 1.25183828e-05 2.42229409e+02 2.42129830e+02 9.95789853e-02
4.88542431e-03 5.32122786e+02 5.31897939e+02 -2.54290743e-01 -2.58990981e-01 0.00000000e+00 5.31928765e+02 5.32187756e+02 5.31928765e+02 1.24740536e-05 2.41372093e+02 2.41270102e+02 1.01991088e-01
4.97068865e-03 5.30237295e+02 5.30007050e+02 -2.44775065e-01 -2.49299346e-01 0.00000000e+00 5.30042984e+02 5.30292284e+02 5.30042984e+02 1.24298303e-05 2.40516830e+02 2.40412390e+02 1.04439692e-01
5.05601266e-03 5.28355511e+02 5.28119791e+02 -2.35747502e-01 -2.40104851e-01 0.00000000e+00 5.28160898e+02 5.28401003e+02 5.28160898e+02 1.23856936e-05 2.39663249e+02 2.39556325e+02 1.06923339e-01
5.14139386e-03 5.26485272e+02 5.26243988e+02 -2.27121375e-01 -2.31320172e-01 0.00000000e+00 5.26290338e+02 5.26521658e+02 5.26290338e+02 1.23418273e-05 2.38814904e+02 2.38705457e+02 1.09446716e-01
5.22682994e-03 5.24611714e+02 5.24364782e+02 -2.18975764e-01 -2.23023954e-01 0.00000000e+00 5.24416447e+02 5.24639471e+02 5.24416447e+02 1.22978829e-05 2.37965054e+02 2.37853045e+02 1.12008967e-01
5.31231873e-03 5.22741867e+02 5.22489208e+02 -2.11232476e-01 -2.15137454e-01 0.00000000e+00 5.22546254e+02 5.22761392e+02 5.22546254e+02 1.22540252e-05 2.37116887e+02 2.37002280e+02 1.14606882e-01
5.39785821e-03 5.20876674e+02 5.20618203e+02 -2.03860035e-01 -2.07628725e-01 0.00000000e+00 5.20680700e+02 5.20888329e+02 5.20680700e+02 1.22102764e-05 2.36270831e+02 2.36153588e+02 1.17242954e-01
5.48344648e-03 5.19015832e+02 5.18751472e+02 -1.96838757e-01 -2.00477661e-01 0.00000000e+00 5.18819483e+02 5.19019960e+02 5.18819483e+02 1.21666293e-05 2.35426749e+02 2.35306835e+02 1.19914203e-01
5.56908179e-03 5.17158922e+02 5.16888598e+02 -1.90150311e-01 -1.93665539e-01 0.00000000e+00 5.16962185e+02 5.17155850e+02 5.16962185e+02 1.21230741e-05 2.34584451e+02 2.34461831e+02 1.22619592e-01
5.65476246e-03 5.15306864e+02 5.15030512e+02 -1.83769967e-01 -1.87167257e-01 0.00000000e+00 5.15109727e+02 5.15296894e+02 5.15109727e+02 1.20796324e-05 2.33744353e+02 2.33618999e+02 1.25353880e-01
5.74048696e-03 5.13459123e+02 5.13176679e+02 -1.77682105e-01 -1.80966857e-01 0.00000000e+00 5.13261575e+02 5.13442542e+02 5.13261575e+02 1.20362917e-05 2.32906213e+02 2.32778096e+02 1.28117358e-01
5.82625382e-03 5.11615951e+02 5.11327357e+02 -1.71869796e-01 -1.75047097e-01 0.00000000e+00 5.11417981e+02 5.11593028e+02 5.11417981e+02 1.19930580e-05 2.32070147e+02 2.31939240e+02 1.30906887e-01
5.91206169e-03 5.09777294e+02 5.09482489e+02 -1.66316962e-01 -1.69391605e-01 0.00000000e+00 5.09578891e+02 5.09748283e+02 5.09578891e+02 1.19499299e-05 2.31236128e+02 2.31102404e+02 1.33724169e-01
5.99790928e-03 5.07943063e+02 5.07641996e+02 -1.61009753e-01 -1.63986259e-01 0.00000000e+00 5.07744218e+02 5.07908204e+02 5.07744218e+02 1.19069053e-05 2.30404116e+02 2.30267552e+02 1.36564828e-01
6.08379540e-03 5.06113525e+02 5.05806138e+02 -1.55933070e-01 -1.58815704e-01 0.00000000e+00 5.05914227e+02 5.06073042e+02 5.05914227e+02 1.18639906e-05 2.29574234e+02 2.29434802e+02 1.39431517e-01
6.16971894e-03 5.04288918e+02 5.03975153e+02 -1.51073237e-01 -1.53866028e-01 0.00000000e+00 5.04089156e+02 5.04243022e+02 5.04089156e+02 1.18211913e-05 2.28746588e+02 2.28604263e+02 1.42324757e-01
6.25567883e-03 5.02469007e+02 5.02148803e+02 -1.46419917e-01 -1.49126673e-01 0.00000000e+00 5.02268770e+02 5.02417897e+02 5.02268770e+02 1.17785019e-05 2.27921072e+02 2.27775827e+02 1.45245259e-01
6.34167411e-03 5.00653992e+02 5.00327284e+02 -1.41960689e-01 -1.44585013e-01 0.00000000e+00 5.00453269e+02 5.00597854e+02 5.00453269e+02 1.17359270e-05 2.27097777e+02 2.26949582e+02 1.48195874e-01
6.42770383e-03 4.98843830e+02 4.98510562e+02 -1.37686345e-01 -1.40231647e-01 0.00000000e+00 4.98642610e+02 4.98782841e+02 4.98642610e+02 1.16934657e-05 2.26276684e+02 2.26125513e+02 1.51170987e-01
6.51376715e-03 4.97038343e+02 4.96698446e+02 -1.33586945e-01 -1.36056456e-01 0.00000000e+00 4.96836613e+02 4.96972670e+02 4.96836613e+02 1.16511137e-05 2.25457711e+02 2.25303533e+02 1.54177686e-01
6.59986325e-03 4.95237904e+02 4.94891319e+02 -1.29652391e-01 -1.32049171e-01 0.00000000e+00 4.95035655e+02 4.95167704e+02 4.95035655e+02 1.16088799e-05 2.24641028e+02 2.24483816e+02 1.57211751e-01
6.68599138e-03 4.93442289e+02 4.93088951e+02 -1.25874947e-01 -1.28201900e-01 0.00000000e+00 4.93239508e+02 4.93367710e+02 4.93239508e+02 1.15667590e-05 2.23826533e+02 2.23666258e+02 1.60274883e-01
6.77215084e-03 4.91651291e+02 4.91291142e+02 -1.22247753e-01 -1.24507636e-01 0.00000000e+00 4.91447966e+02 4.91572474e+02 4.91447966e+02 1.15247460e-05 2.23014132e+02 2.22850767e+02 1.63364296e-01
6.85834095e-03 4.89865532e+02 4.89498518e+02 -1.18760852e-01 -1.20956281e-01 0.00000000e+00 4.89661655e+02 4.89782611e+02 4.89661655e+02 1.14828558e-05 2.22204107e+02 2.22037629e+02 1.66478416e-01
6.94456112e-03 4.88084561e+02 4.87710630e+02 -1.15409050e-01 -1.17542511e-01 0.00000000e+00 4.87880121e+02 4.87997664e+02 4.87880121e+02 1.14410775e-05 2.21396255e+02 2.21226639e+02 1.69615893e-01
7.03081075e-03 4.86308642e+02 4.85927739e+02 -1.12184343e-01 -1.14258202e-01 0.00000000e+00 4.86103630e+02 4.86217888e+02 4.86103630e+02 1.13994175e-05 2.20590694e+02 2.20417916e+02 1.72778265e-01
7.11708932e-03 4.84538289e+02 4.84150368e+02 -1.09079200e-01 -1.11095702e-01 0.00000000e+00 4.84332696e+02 4.84443791e+02 4.84332696e+02 1.13578879e-05 2.19787658e+02 2.19611696e+02 1.75961807e-01
7.20339634e-03 4.82771269e+02 4.82376278e+02 -1.06095418e-01 -1.08056709e-01 0.00000000e+00 4.82565085e+02 4.82673142e+02 4.82565085e+02 1.13164362e-05 2.18986134e+02 2.18806965e+02 1.79169219e-01
7.28973133e-03 4.81010767e+02 4.80608662e+02 -1.03216546e-01 -1.05124661e-01 0.00000000e+00 4.80803983e+02 4.80909108e+02 4.80803983e+02 1.12751371e-05 2.18187566e+02 2.18005170e+02 1.82395850e-01
7.37609388e-03 4.79253635e+02 4.78844364e+02 -1.00447835e-01 -1.02304721e-01 0.00000000e+00 4.79046242e+02 4.79148547e+02 4.79046242e+02 1.12339169e-05 2.17390527e+02 2.17204881e+02 1.85646232e-01
7.46248358e-03 4.77502233e+02 4.77085754e+02 -9.77768548e-02 -9.95843620e-02 0.00000000e+00 4.77294223e+02 4.77393807e+02 4.77294223e+02 1.11928308e-05 2.16596087e+02 2.16407171e+02 1.88915894e-01
7.54890009e-03 4.75756552e+02 4.75332812e+02 -9.51986732e-02 -9.69585653e-02 0.00000000e+00 4.75547914e+02 4.75644873e+02 4.75547914e+02 1.11518787e-05 2.15804242e+02 2.15612033e+02 1.92209125e-01
7.63534305e-03 4.74014322e+02 4.73583277e+02 -9.27165737e-02 -9.44305419e-02 0.00000000e+00 4.73805049e+02 4.73899479e+02 4.73805049e+02 1.11110073e-05 2.15013963e+02 2.14818440e+02 1.95522969e-01
7.72181217e-03 4.72277712e+02 4.71839316e+02 -9.03193248e-02 -9.19889768e-02 0.00000000e+00 4.72067794e+02 4.72159783e+02 4.72067794e+02 1.10702675e-05 2.14226233e+02 2.14027375e+02 1.98857469e-01
7.80830716e-03 4.70545779e+02 4.70099983e+02 -8.80057849e-02 -8.96326588e-02 0.00000000e+00 4.70335208e+02 4.70424841e+02 4.70335208e+02 1.10296372e-05 2.13440624e+02 2.13238410e+02 2.02214042e-01
7.89482778e-03 4.68818926e+02 4.68365686e+02 -8.57712587e-02 -8.73568241e-02 0.00000000e+00 4.68607693e+02 4.68695049e+02 4.68607693e+02 1.09891258e-05 2.12657320e+02 2.12451729e+02 2.05590453e-01
7.98137380e-03 4.67097762e+02 4.66637034e+02 -8.36102953e-02 -8.51559551e-02 0.00000000e+00 4.66885858e+02 4.66971014e+02 4.66885858e+02 1.09487477e-05 2.11876596e+02 2.11667609e+02 2.08987142e-01
8.06794501e-03 4.65379416e+02 4.64911162e+02 -8.15281973e-02 -8.30353021e-02 0.00000000e+00 4.65166835e+02 4.65249870e+02 4.65166835e+02 1.09084354e-05 2.11097150e+02 2.10884749e+02 2.12400976e-01
8.15454124e-03 4.63668356e+02 4.63192534e+02 -7.95085331e-02 -8.09783624e-02 0.00000000e+00 4.63455088e+02 4.63536066e+02 4.63455088e+02 1.08682938e-05 2.10321009e+02 2.10105176e+02 2.15833740e-01
8.24116232e-03 4.61959751e+02 4.61476330e+02 -7.75624431e-02 -7.89962358e-02 0.00000000e+00 4.61745791e+02 4.61824787e+02 4.61745791e+02 1.08282097e-05 2.09545983e+02 2.09326702e+02 2.19280829e-01
8.32780812e-03 4.60257807e+02 4.59766750e+02 -7.56751418e-02 -7.70740730e-02 0.00000000e+00 4.60043147e+02 4.60120221e+02 4.60043147e+02 1.07882816e-05 2.08773977e+02 2.08551232e+02 2.22744542e-01
8.41447853e-03 4.58560892e+02 4.58062168e+02 -7.38486108e-02 -7.52138108e-02 0.00000000e+00 4.58345525e+02 4.58420739e+02 4.58345525e+02 1.07484713e-05 2.08004252e+02 2.07778030e+02 2.26222398e-01
8.50117345e-03 4.56867050e+02 4.56360628e+02 -7.20852991e-02 -7.34178566e-02 0.00000000e+00 4.56650971e+02 4.56724389e+02 4.56650971e+02 1.07087329e-05 2.07235922e+02 2.07006208e+02 2.29714129e-01
8.58789280e-03 4.55178894e+02 4.54664745e+02 -7.03758719e-02 -7.16768242e-02 0.00000000e+00 4.54962097e+02 4.55033774e+02 4.54962097e+02 1.06691277e-05 2.06470171e+02 2.06236951e+02 2.33219219e-01
8.67463653e-03 4.53496035e+02 4.52974129e+02 -6.87193126e-02 -6.99896561e-02 0.00000000e+00 4.53278513e+02 4.53348502e+02 4.53278513e+02 1.06296465e-05 2.05706822e+02 2.05470084e+02 2.36737994e-01
8.76140459e-03 4.51818286e+02 4.51288589e+02 -6.71137337e-02 -6.83544250e-02 0.00000000e+00 4.51600032e+02 4.51668387e+02 4.51600032e+02 1.05902851e-05 2.04945791e+02 2.04705519e+02 2.40271936e-01
8.84819698e-03 4.50144286e+02 4.49606771e+02 -6.55606044e-02 -6.67725656e-02 0.00000000e+00 4.49925295e+02 4.49992068e+02 4.49925295e+02 1.05510114e-05 2.04186461e+02 2.03942643e+02 2.43817942e-01
8.93501368e-03 4.48475155e+02 4.47929786e+02 -6.40548439e-02 -6.52389574e-02 0.00000000e+00 4.48255420e+02 4.48320659e+02 4.48255420e+02 1.05118518e-05 2.03429339e+02 2.03181959e+02 2.47380796e-01
9.02185471e-03 4.46811633e+02 4.46258383e+02 -6.25928612e-02 -6.37499732e-02 0.00000000e+00 4.46591147e+02 4.46654897e+02 4.46591147e+02 1.04728235e-05 2.02674762e+02 2.02423807e+02 2.50955086e-01
9.10872010e-03 4.45151502e+02 4.44590350e+02 -6.11783694e-02 -6.23092990e-02 0.00000000e+00 4.44930262e+02 4.44992571e+02 4.44930262e+02 1.04338747e-05 2.01921723e+02 2.01667183e+02 2.54539764e-01
9.19560990e-03 4.43496853e+02 4.42927764e+02 -5.98041690e-02 -6.09096978e-02 0.00000000e+00 4.43274851e+02 4.43335761e+02 4.43274851e+02 1.03950543e-05 2.01171171e+02 2.00913030e+02 2.58140162e-01
9.28252417e-03 4.41847359e+02 4.41270304e+02 -5.84697733e-02 -5.95506545e-02 0.00000000e+00 4.41624589e+02 4.41684140e+02 4.41624589e+02 1.03563546e-05 2.00422956e+02 2.00161203e+02 2.61753263e-01
9.36946300e-03 4.40201748e+02 4.39616716e+02 -5.71769381e-02 -5.82339004e-02 0.00000000e+00 4.39978207e+02 4.40036441e+02 4.39978207e+02 1.03177459e-05 1.99676503e+02 1.99411131e+02 2.65371782e-01
9.45642647e-03 4.38561778e+02 4.37968745e+02 -5.59194972e-02 -5.69532362e-02 0.00000000e+00 4.38337461e+02 4.38394414e+02 4.38337461e+02 1.02792693e-05 1.98932609e+02 1.98663608e+02 2.69001413e-01
9.54341469e-03 4.36925243e+02 4.36324180e+02 -5.47008366e-02 -5.57120273e-02 0.00000000e+00 4.36700143e+02 4.36755855e+02 4.36700143e+02 1.02408732e-05 1.98190273e+02 1.97917630e+02 2.72643439e-01
9.63042780e-03 4.35293985e+02 4.34684875e+02 -5.35162526e-02 -5.45055420e-02 0.00000000e+00 4.35068100e+02 4.35122605e+02 4.35068100e+02 1.02026008e-05 1.97450331e+02 1.97174038e+02 2.76293470e-01
9.71746592e-03 4.33667597e+02 4.33050424e+02 -5.23648311e-02 -5.33328427e-02 0.00000000e+00 4.33440921e+02 4.33494254e+02 4.33440921e+02 1.01644424e-05 1.96712598e+02 1.96432647e+02 2.79950887e-01
9.80452922e-03 4.32045618e+02 4.31420367e+02 -5.12466836e-02 -5.21940200e-02 0.00000000e+00 4.31818148e+02 4.31870342e+02 4.31818148e+02 1.01263874e-05 1.95976864e+02 1.95693249e+02 2.83615373e-01
9.89161787e-03 4.30420548e+02 4.29787198e+02 -5.01743128e-02 -5.11015679e-02 0.00000000e+00 4.30192282e+02 4.30243384e+02 4.30192282e+02 1.00882598e-05 1.95239729e+02 1.94952440e+02 2.87288936e-01
9.97873204e-03 4.28815111e+02 4.28173642e+02 -4.91034633e-02 -5.00111678e-02 0.00000000e+00 4.28586040e+02 4.28636051e+02 4.28586040e+02 1.00505924e-05 1.94511499e+02 1.94220527e+02 2.90971836e-01
1.00658719e-02 4.27207221e+02 4.26557622e+02 -4.80754372e-02 -4.89641443e-02 0.00000000e+00 4.26977343e+02 4.27026307e+02 4.26977343e+02 1.00128675e-05 1.93782157e+02 1.93487497e+02 2.94659433e-01
1.01530378e-02 4.25603792e+02 4.24946055e+02 -4.70756386e-02 -4.79458688e-02 0.00000000e+00 4.25373105e+02 4.25421051e+02 4.25373105e+02 9.97524712e-06 1.93054838e+02 1.92756487e+02 2.98350795e-01
1.02402298e-02 4.24004807e+02 4.23338913e+02 -4.61033861e-02 -4.69556424e-02 0.00000000e+00 4.23773307e+02 4.23820263e+02 4.23773307e+02 9.93773086e-06 1.92329534e+02 1.92027484e+02 3.02050824e-01
1.03274482e-02 4.22410388e+02 4.21736333e+02 -4.51572846e-02 -4.59920519e-02 0.00000000e+00 4.22178073e+02 4.22224065e+02 4.22178073e+02 9.90032164e-06 1.91606303e+02 1.91300550e+02 3.05752850e-01
1.04146932e-02 4.20813401e+02 4.20131173e+02 -4.42489081e-02 -4.50666674e-02 0.00000000e+00 4.20580270e+02 4.20625337e+02 4.20580270e+02 9.86285217e-06 1.90881906e+02 1.90572446e+02 3.09460125e-01
1.05019652e-02 4.19235216e+02 4.18544801e+02 -4.33403238e-02 -4.41415029e-02 0.00000000e+00 4.19001260e+02 4.19045402e+02 4.19001260e+02 9.82582342e-06 1.90166037e+02 1.89852864e+02 3.13173538e-01
1.05892643e-02 4.17654169e+02 4.16955561e+02 -4.24681650e-02 -4.32532140e-02 0.00000000e+00 4.17419389e+02 4.17462642e+02 4.17419389e+02 9.78872756e-06 1.89448871e+02 1.89131981e+02 3.16889862e-01
1.06765910e-02 4.16077744e+02 4.15370943e+02 -4.16186464e-02 -4.23879877e-02 0.00000000e+00 4.15842139e+02 4.15884527e+02 4.15842139e+02 9.75174007e-06 1.88733801e+02 1.88413194e+02 3.20606567e-01
1.07639455e-02 4.14506503e+02 4.13791493e+02 -4.07900939e-02 -4.15441351e-02 0.00000000e+00 4.14270068e+02 4.14311612e+02 4.14270068e+02 9.71487404e-06 1.88021082e+02 1.87696752e+02 3.24330005e-01
1.08513281e-02 4.12932772e+02 4.12209546e+02 -3.99939328e-02 -4.07330798e-02 0.00000000e+00 4.12695506e+02 4.12736239e+02 4.12695506e+02 9.67794962e-06 1.87307234e+02 1.86979177e+02 3.28056996e-01
1.09387392e-02 4.11376587e+02 4.10645156e+02 -3.91980012e-02 -3.99226161e-02 0.00000000e+00 4.11138487e+02 4.11178410e+02 4.11138487e+02 9.64143657e-06 1.86601345e+02 1.86269567e+02 3.31778540e-01
1.10261791e-02 4.09818052e+02 4.09078399e+02 -3.84325177e-02 -3.91429805e-02 0.00000000e+00 4.09579117e+02 4.09618260e+02 4.09579117e+02 9.60486839e-06 1.85894391e+02 1.85558882e+02 3.35508206e-01
1.11136481e-02 4.08264182e+02 4.07516319e+02 -3.76863859e-02 -3.83830547e-02 0.00000000e+00 4.08024412e+02 4.08062795e+02 4.08024412e+02 9.56840960e-06 1.85189551e+02 1.84850319e+02 3.39232096e-01
1.12011468e-02 4.06714283e+02 4.05958211e+02 -3.69595997e-02 -3.76428213e-02 0.00000000e+00 4.06473677e+02 4.06511319e+02 4.06473677e+02 9.53204392e-06 1.84486514e+02 1.84143558e+02 3.42955991e-01
1.12886753e-02 4.05168817e+02 4.04404531e+02 -3.62509467e-02 -3.69210567e-02 0.00000000e+00 4.04927372e+02 4.04964293e+02 4.04927372e+02 9.49578214e-06 1.83785487e+02 1.83438805e+02 3.46681940e-01
1.13762343e-02 4.03628717e+02 4.02856218e+02 -3.55584856e-02 -3.62158073e-02 0.00000000e+00 4.03386433e+02 4.03422648e+02 4.03386433e+02 9.45964617e-06 1.83086894e+02 1.82736487e+02 3.50407391e-01
1.14638240e-02 4.02085699e+02 4.01304993e+02 -3.48934580e-02 -3.55383164e-02 0.00000000e+00 4.01842577e+02 4.01878115e+02 4.01842577e+02 9.42344182e-06 1.82386978e+02 1.82032848e+02 3.54129788e-01
1.15514450e-02 4.00560713e+02 3.99771807e+02 -3.42255961e-02 -3.48582768e-02 0.00000000e+00 4.00316749e+02 4.00351607e+02 4.00316749e+02 9.38766023e-06 1.81695241e+02 1.81337391e+02 3.57849487e-01
1.16390976e-02 3.99027006e+02 3.98229895e+02 -3.35920263e-02 -3.42128429e-02 0.00000000e+00 3.98782202e+02 3.98816414e+02 3.98782202e+02 9.35167416e-06 1.80999548e+02 1.80637977e+02 3.61571271e-01
1.17267824e-02 3.97510629e+02 3.96705333e+02 -3.29561922e-02 -3.35654134e-02 0.00000000e+00 3.97264982e+02 3.97298548e+02 3.97264982e+02 9.31609445e-06 1.80311716e+02 1.79946432e+02 3.65284202e-01
1.18144997e-02 3.95991451e+02 3.95177971e+02 -3.23451285e-02 -3.29430416e-02 0.00000000e+00 3.95744962e+02 3.95777906e+02 3.95744962e+02 9.28044907e-06 1.79622613e+02 1.79253617e+02 3.68996390e-01
1.19022502e-02 3.94477187e+02 3.93655535e+02 -3.17482116e-02 -3.23350857e-02 0.00000000e+00 3.94229857e+02 3.94262192e+02 3.94229857e+02 9.24491894e-06 1.78935739e+02 1.78563036e+02 3.72702905e-01
1.19900344e-02 3.92967803e+02 3.92137986e+02 -3.11643915e-02 -3.17404863e-02 0.00000000e+00 3.92719633e+02 3.92751373e+02 3.92719633e+02 9.20950326e-06 1.78251080e+02 1.77874673e+02 3.76407132e-01
1.20778526e-02 3.91454856e+02 3.90616876e+02 -3.06044528e-02 -3.11700318e-02 0.00000000e+00 3.91205845e+02 3.91237015e+02 3.91205845e+02 9.17400404e-06 1.77564803e+02 1.77184694e+02 3.80109422e-01
1.21657056e-02 3.89960583e+02 3.89114462e+02 -3.00396694e-02 -3.05949605e-02 0.00000000e+00 3.89710730e+02 3.89741325e+02 3.89710730e+02 9.13894269e-06 1.76886998e+02 1.76503196e+02 3.83802222e-01
1.22535938e-02 3.88458276e+02 3.87604023e+02 -2.95031837e-02 -3.00484405e-02 0.00000000e+00 3.88207585e+02 3.88237633e+02 3.88207585e+02 9.10369303e-06 1.76205548e+02 1.75818057e+02 3.87491037e-01
1.23415179e-02 3.86971918e+02 3.86109542e+02 -2.89650631e-02 -2.95005034e-02 0.00000000e+00 3.86720386e+02 3.86749886e+02 3.86720386e+02 9.06881731e-06 1.75531333e+02 1.75140157e+02 3.91175533e-01
1.24294783e-02 3.85478788e+02 3.84608312e+02 -2.84523859e-02 -2.89782474e-02 0.00000000e+00 3.85226420e+02 3.85255398e+02 3.85226420e+02 9.03378292e-06 1.74854046e+02 1.74459196e+02 3.94849933e-01
1.25174758e-02 3.83994704e+02 3.83116149e+02 -2.79460511e-02 -2.84625471e-02 0.00000000e+00 3.83741500e+02 3.83769963e+02 3.83741500e+02 8.99896067e-06 1.74180862e+02 1.73782347e+02 3.98514657e-01
1.26055110e-02 3.82520133e+02 3.81633500e+02 -2.74448579e-02 -2.79521938e-02 0.00000000e+00 3.82266091e+02 3.82294043e+02 3.82266091e+02 8.96436144e-06 1.73511993e+02 1.73109814e+02 4.02178351e-01
1.26935844e-02 3.81044891e+02 3.80150205e+02 -2.69607790e-02 -2.74591668e-02 0.00000000e+00 3.80790015e+02 3.80817475e+02 3.80790015e+02 8.92974658e-06 1.72842820e+02 1.72436988e+02 4.05831645e-01
1.27816968e-02 3.79568626e+02 3.78665917e+02 -2.64937267e-02 -2.69833730e-02 0.00000000e+00 3.79312922e+02 3.79339905e+02 3.79312922e+02 8.89510785e-06 1.72173183e+02 1.71763712e+02 4.09470704e-01
1.28698489e-02 3.78106649e+02 3.77195923e+02 -2.60255776e-02 -2.65066650e-02 0.00000000e+00 3.77850113e+02 3.77876619e+02 3.77850113e+02 8.86080411e-06 1.71510027e+02 1.71096919e+02 4.13107495e-01
1.29580413e-02 3.76635590e+02 3.75716884e+02 -2.55828007e-02 -2.60555337e-02 0.00000000e+00 3.76378230e+02 3.76404285e+02 3.76378230e+02 8.82628757e-06 1.70842751e+02 1.70426024e+02 4.16727145e-01
1.30462747e-02 3.75185831e+02 3.74259152e+02 -2.51311323e-02 -2.55956758e-02 0.00000000e+00 3.74927642e+02 3.74953238e+02 3.74927642e+02 8.79227042e-06 1.70185137e+02 1.69764793e+02 4.20343665e-01
1.31345498e-02 3.73733115e+02 3.72798496e+02 -2.46972206e-02 -2.51537617e-02 0.00000000e+00 3.73474104e+02 3.73499258e+02 3.73474104e+02 8.75818409e-06 1.69526182e+02 1.69102237e+02 4.23945192e-01
1.32228675e-02 3.72282701e+02 3.71340161e+02 -2.42744950e-02 -2.47232087e-02 0.00000000e+00 3.72022870e+02 3.72047593e+02 3.72022870e+02 8.72415178e-06 1.68868271e+02 1.68440733e+02 4.27538155e-01
1.33112285e-02 3.70830314e+02 3.69879880e+02 -2.38675426e-02 -2.43086047e-02 0.00000000e+00 3.70569667e+02 3.70593976e+02 3.70569667e+02 8.69007332e-06 1.68209465e+02 1.67778346e+02 4.31119230e-01
1.33996336e-02 3.69391535e+02 3.68433233e+02 -2.34598405e-02 -2.38934062e-02 0.00000000e+00 3.69130072e+02 3.69153966e+02 3.69130072e+02 8.65631396e-06 1.67556831e+02 1.67122144e+02 4.34687628e-01
1.34880836e-02 3.67959881e+02 3.66993731e+02 -2.30577122e-02 -2.34839383e-02 0.00000000e+00 3.67697604e+02 3.67721088e+02 3.67697604e+02 8.62272173e-06 1.66907430e+02 1.66469182e+02 4.38247623e-01
1.35765793e-02 3.66520090e+02 3.65546139e+02 -2.26765936e-02 -2.30956483e-02 0.00000000e+00 3.66257008e+02 3.66280104e+02 3.66257008e+02 8.58893890e-06 1.66254337e+02 1.65812551e+02 4.41786177e-01
1.36651216e-02 3.65098326e+02 3.64116571e+02 -2.22897360e-02 -2.27017569e-02 0.00000000e+00 3.64834434e+02 3.64857136e+02 3.64834434e+02 8.55557868e-06 1.65609422e+02 1.65164096e+02 4.45326160e-01
1.37537114e-02 3.63675193e+02 3.62685690e+02 -2.19168263e-02 -2.23219672e-02 0.00000000e+00 3.63410500e+02 3.63432822e+02 3.63410500e+02 8.52218659e-06 1.64963886e+02 1.64515045e+02 4.48840752e-01
1.38423495e-02 3.62249977e+02 3.61252765e+02 -2.15577872e-02 -2.19561979e-02 0.00000000e+00 3.61984490e+02 3.62006446e+02 3.61984490e+02 8.48874581e-06 1.64317405e+02 1.63865067e+02 4.52337481e-01
1.39310368e-02 3.60839798e+02 3.59834888e+02 -2.11956945e-02 -2.15875041e-02 0.00000000e+00 3.60573513e+02 3.60595101e+02 3.60573513e+02 8.45565757e-06 1.63677744e+02 1.63221915e+02 4.55829222e-01
1.40197744e-02 3.59421815e+02 3.58409258e+02 -2.08522973e-02 -2.12376532e-02 0.00000000e+00 3.59154744e+02 3.59175982e+02 3.59154744e+02 8.42238660e-06 1.63034544e+02 1.62575246e+02 4.59298328e-01
1.41085631e-02 3.58013195e+02 3.56993006e+02 -2.05111253e-02 -2.08901552e-02 0.00000000e+00 3.57745337e+02 3.57766227e+02 3.57745337e+02 8.38933516e-06 1.62395591e+02 1.61932831e+02 4.62760115e-01
1.41974040e-02 3.56617473e+02 3.55589700e+02 -2.01693439e-02 -2.05421701e-02 0.00000000e+00 3.56348831e+02 3.56369373e+02 3.56348831e+02 8.35658628e-06 1.61762488e+02 1.61296288e+02 4.66200030e-01
1.42862981e-02 3.55211742e+02 3.54176418e+02 -1.98468977e-02 -2.02136580e-02 0.00000000e+00 3.54942326e+02 3.54962539e+02 3.54942326e+02 8.32360289e-06 1.61124846e+02 1.60655220e+02 4.69625554e-01
1.43752464e-02 3.53816588e+02 3.52773742e+02 -1.95252792e-02 -1.98860907e-02 0.00000000e+00 3.53546398e+02 3.53566284e+02 3.53546398e+02 8.29086755e-06 1.60492000e+02 1.60018963e+02 4.73037495e-01
1.44642499e-02 3.52427323e+02 3.51377006e+02 -1.92089984e-02 -1.95639799e-02 0.00000000e+00 3.52156365e+02 3.52175929e+02 3.52156365e+02 8.25827047e-06 1.59861827e+02 1.59385401e+02 4.76426026e-01
1.45533098e-02 3.51041413e+02 3.49983657e+02 -1.88996618e-02 -1.92489306e-02 0.00000000e+00 3.50769692e+02 3.50788941e+02 3.50769692e+02 8.22575216e-06 1.59233175e+02 1.58753374e+02 4.79800710e-01
1.46424272e-02 3.49659995e+02 3.48594852e+02 -1.85962051e-02 -1.89398746e-02 0.00000000e+00 3.49387517e+02 3.49406457e+02 3.49387517e+02 8.19333934e-06 1.58606560e+02 1.58123409e+02 4.83151316e-01
1.47316032e-02 3.48282030e+02 3.47209526e+02 -1.82991992e-02 -1.86373805e-02 0.00000000e+00 3.48008799e+02 3.48027437e+02 3.48008799e+02 8.16100760e-06 1.57981513e+02 1.57495022e+02 4.86490402e-01
1.48208390e-02 3.46907968e+02 3.45828145e+02 -1.80083941e-02 -1.83411958e-02 0.00000000e+00 3.46633989e+02 3.46652330e+02 3.46633989e+02 8.12876748e-06 1.57358235e+02 1.56868425e+02 4.89810176e-01
1.49101357e-02 3.45544687e+02 3.44457588e+02 -1.77182063e-02 -1.80457293e-02 0.00000000e+00 3.45269964e+02 3.45288009e+02 3.45269964e+02 8.09678029e-06 1.56739848e+02 1.56246737e+02 4.93110635e-01
1.49994946e-02 3.44172735e+02 3.43078425e+02 -1.74437883e-02 -1.77661450e-02 0.00000000e+00 3.43897280e+02 3.43915046e+02 3.43897280e+02 8.06459004e-06 1.56117527e+02 1.55621145e+02 4.96381535e-01
1.50889170e-02 3.42811924e+02 3.41710422e+02 -1.71688144e-02 -1.74860992e-02 0.00000000e+00 3.42535737e+02 3.42553223e+02 3.42535737e+02 8.03266106e-06 1.55500260e+02 1.55000616e+02 4.99643792e-01
1.51784042e-02 3.41454206e+02 3.40345565e+02 -1.69002273e-02 -1.72125393e-02 0.00000000e+00 3.41177295e+02 3.41194508e+02 3.41177295e+02 8.00080480e-06 1.54884396e+02 1.54381514e+02 5.02882131e-01
1.52679574e-02 3.40101451e+02 3.38985720e+02 -1.66362600e-02 -1.69436944e-02 0.00000000e+00 3.39823822e+02 3.39840765e+02 3.39823822e+02 7.96906505e-06 1.54270783e+02 1.53764685e+02 5.06097918e-01
1.53575780e-02 3.38758804e+02 3.37636041e+02 -1.63730218e-02 -1.66756679e-02 0.00000000e+00 3.38480463e+02 3.38497138e+02 3.38480463e+02 7.93756249e-06 1.53661756e+02 1.53152468e+02 5.09287873e-01
1.54472674e-02 3.37409143e+02 3.36279384e+02 -1.61226594e-02 -1.64206152e-02 0.00000000e+00 3.37130098e+02 3.37146519e+02 3.37130098e+02 7.90589564e-06 1.53049547e+02 1.52537085e+02 5.12461593e-01
1.55370269e-02 3.36072836e+02 3.34936118e+02 -1.58705627e-02 -1.61639114e-02 0.00000000e+00 3.35793089e+02 3.35809253e+02 3.35793089e+02 7.87454199e-06 1.52443395e+02 1.51927777e+02 5.15618090e-01
1.56268582e-02 3.34736622e+02 3.33592987e+02 -1.56256671e-02 -1.59144971e-02 0.00000000e+00 3.34456178e+02 3.34472093e+02 3.34456178e+02 7.84319065e-06 1.51837285e+02 1.51318529e+02 5.18755391e-01
1.57167626e-02 3.33399934e+02 3.32249470e+02 -1.53891273e-02 -1.56735275e-02 0.00000000e+00 3.33118809e+02 3.33134482e+02 3.33118809e+02 7.81182856e-06 1.51230960e+02 1.50709107e+02 5.21853205e-01
1.58067416e-02 3.32076487e+02 3.30919231e+02 -1.51505901e-02 -1.54306371e-02 0.00000000e+00 3.31794683e+02 3.31810113e+02 3.31794683e+02 7.78077702e-06 1.50630642e+02 1.50105708e+02 5.24933841e-01
1.58967968e-02 3.30747756e+02 3.29583760e+02 -1.49227064e-02 -1.51984865e-02 0.00000000e+00 3.30465281e+02 3.30480480e+02 3.30465281e+02 7.74960178e-06 1.50027926e+02 1.49499935e+02 5.27991255e-01
1.59869299e-02 3.29433249e+02 3.28262554e+02 -1.46923496e-02 -1.49639358e-02 0.00000000e+00 3.29150107e+02 3.29165071e+02 3.29150107e+02 7.71876017e-06 1.49431663e+02 1.48900633e+02 5.31030228e-01
1.60771423e-02 3.28115449e+02 3.26938121e+02 -1.44712399e-02 -1.47387140e-02 0.00000000e+00 3.27831650e+02 3.27846389e+02 3.27831650e+02 7.68784158e-06 1.48833906e+02 1.48299867e+02 5.34038659e-01
1.61674359e-02 3.26803455e+02 3.25619544e+02 -1.42528132e-02 -1.45162490e-02 0.00000000e+00 3.26519006e+02 3.26533523e+02 3.26519006e+02 7.65705931e-06 1.48238783e+02 1.47701758e+02 5.37024904e-01
1.62578123e-02 3.25492100e+02 3.24301664e+02 -1.40407203e-02 -1.43001936e-02 0.00000000e+00 3.25207010e+02 3.25221311e+02 3.25207010e+02 7.62629224e-06 1.47643949e+02 1.47103965e+02 5.39984252e-01
1.63482733e-02 3.24191828e+02 3.22994923e+02 -1.38280386e-02 -1.40836173e-02 0.00000000e+00 3.23906103e+02 3.23920187e+02 3.23906103e+02 7.59578519e-06 1.47054143e+02 1.46511224e+02 5.42918629e-01
1.64388206e-02 3.22892901e+02 3.21689574e+02 -1.36205843e-02 -1.38723396e-02 0.00000000e+00 3.22606547e+02 3.22620420e+02 3.22606547e+02 7.56530985e-06 1.46464946e+02 1.45919115e+02 5.45831901e-01
1.65294561e-02 3.21598501e+02 3.20388854e+02 -1.34173479e-02 -1.36653498e-02 0.00000000e+00 3.21311533e+02 3.21325199e+02 3.21311533e+02 7.53494102e-06 1.45877803e+02 1.45329105e+02 5.48698222e-01
1.66201818e-02 3.20303793e+02 3.19087848e+02 -1.32197217e-02 -1.34640383e-02 0.00000000e+00 3.20016216e+02 3.20029680e+02 3.20016216e+02 7.50456506e-06 1.45290521e+02 1.44738966e+02 5.51555338e-01
1.67109994e-02 3.19018233e+02 3.17796025e+02 -1.30225132e-02 -1.32632075e-02 0.00000000e+00 3.18730048e+02 3.18743311e+02 3.18730048e+02 7.47440367e-06 1.44707388e+02 1.44152992e+02 5.54396498e-01
1.68019111e-02 3.17737756e+02 3.16509400e+02 -1.28286089e-02 -1.30657452e-02 0.00000000e+00 3.17448980e+02 3.17462046e+02 3.17448980e+02 7.44436189e-06 1.44126561e+02 1.43569376e+02 5.57184947e-01
1.68929188e-02 3.16456920e+02 3.15222458e+02 -1.26405604e-02 -1.28742036e-02 0.00000000e+00 3.16167560e+02 3.16180435e+02 3.16167560e+02 7.41431184e-06 1.43545571e+02 1.42985616e+02 5.59954641e-01
1.69840246e-02 3.15179280e+02 3.13938769e+02 -1.24562446e-02 -1.26864562e-02 0.00000000e+00 3.14889345e+02 3.14902031e+02 3.14889345e+02 7.38433693e-06 1.42966031e+02 1.42403332e+02 5.62698449e-01
1.70752306e-02 3.13907810e+02 3.12661305e+02 -1.22739745e-02 -1.25008136e-02 0.00000000e+00 3.13617306e+02 3.13629807e+02 3.13617306e+02 7.35450688e-06 1.42389289e+02 1.41823872e+02 5.65417587e-01
1.71665391e-02 3.12639324e+02 3.11386893e+02 -1.20950351e-02 -1.23185602e-02 0.00000000e+00 3.12348260e+02 3.12360578e+02 3.12348260e+02 7.32474701e-06 1.41813901e+02 1.41245795e+02 5.68105449e-01
1.72579522e-02 3.11377654e+02 3.10119379e+02 -1.19183740e-02 -1.21386425e-02 0.00000000e+00 3.11086042e+02 3.11098181e+02 3.11086042e+02 7.29514726e-06 1.41241604e+02 1.40670848e+02 5.70756215e-01
1.73494722e-02 3.10120109e+02 3.08856050e+02 -1.17445294e-02 -1.19615972e-02 0.00000000e+00 3.09827957e+02 3.09839918e+02 3.09827957e+02 7.26564443e-06 1.40671179e+02 1.40097799e+02 5.73380070e-01
1.74411016e-02 3.08864249e+02 3.07594452e+02 -1.15744827e-02 -1.17884049e-02 0.00000000e+00 3.08571564e+02 3.08583352e+02 3.08571564e+02 7.23618128e-06 1.40101518e+02 1.39525535e+02 5.75983024e-01
1.75328426e-02 3.07611501e+02 3.06336049e+02 -1.14080966e-02 -1.16189279e-02 0.00000000e+00 3.07318295e+02 3.07329914e+02 3.07318295e+02 7.20679139e-06 1.39533269e+02 1.38954721e+02 5.78548008e-01
1.76246978e-02 3.06365734e+02 3.05084695e+02 -1.12428229e-02 -1.14506143e-02 0.00000000e+00 3.06072016e+02 3.06083466e+02 3.06072016e+02 7.17756541e-06 1.38968186e+02 1.38387104e+02 5.81082075e-01
1.77166697e-02 3.05122339e+02 3.03835786e+02 -1.10812866e-02 -1.12860906e-02 0.00000000e+00 3.04828118e+02 3.04839405e+02 3.04828118e+02 7.14839530e-06 1.38404179e+02 1.37820596e+02 5.83583123e-01
1.78087609e-02 3.03881710e+02 3.02589704e+02 -1.09229092e-02 -1.11247764e-02 0.00000000e+00 3.03586997e+02 3.03598122e+02 3.03586997e+02 7.11929028e-06 1.37841428e+02 1.37255371e+02 5.86056898e-01
1.79009741e-02 3.02649268e+02 3.01351873e+02 -1.07654100e-02 -1.09643886e-02 0.00000000e+00 3.02354070e+02 3.02365034e+02 3.02354070e+02 7.09037742e-06 1.37282389e+02 1.36693888e+02 5.88501130e-01
1.79933119e-02 3.01415270e+02 3.00112582e+02 -1.06129901e-02 -1.08091301e-02 0.00000000e+00 3.01119603e+02 3.01130412e+02 3.01119603e+02 7.06142844e-06 1.36722645e+02 1.36131742e+02 5.90902191e-01
1.80857772e-02 3.00187604e+02 2.98879665e+02 -1.04618665e-02 -1.06552140e-02 0.00000000e+00 2.99891472e+02 2.99902127e+02 2.99891472e+02 7.03262805e-06 1.36165772e+02 1.35572488e+02 5.93284048e-01
1.81783728e-02 2.98966730e+02 2.97653622e+02 -1.03122256e-02 -1.05028266e-02 0.00000000e+00 2.98670144e+02 2.98680647e+02 2.98670144e+02 7.00398721e-06 1.35611981e+02 1.35016353e+02 5.95628650e-01
1.82711018e-02 2.97747291e+02 2.96429098e+02 -1.01660425e-02 -1.03539429e-02 0.00000000e+00 2.97450265e+02 2.97460619e+02 2.97450265e+02 6.97538032e-06 1.35058841e+02 1.34460906e+02 5.97935556e-01
1.83639670e-02 2.96531990e+02 2.95208812e+02 -1.00223537e-02 -1.02075981e-02 0.00000000e+00 2.96234537e+02 2.96244745e+02 2.96234537e+02 6.94687081e-06 1.34507578e+02 1.33907381e+02 6.00196619e-01
1.84569716e-02 2.95317496e+02 2.93989332e+02 -9.88166562e-03 -1.00642972e-02 0.00000000e+00 2.95019617e+02 2.95029681e+02 2.95019617e+02 6.91838021e-06 1.33956681e+02 1.33354222e+02 6.02458448e-01
1.85501188e-02 2.94109598e+02 2.92776597e+02 -9.74287508e-03 -9.92293710e-03 0.00000000e+00 2.93811314e+02 2.93821237e+02 2.93811314e+02 6.89004480e-06 1.33408776e+02 1.32804123e+02 6.04652358e-01
1.86434118e-02 2.92905204e+02 2.91567383e+02 -9.60592246e-03 -9.78345556e-03 0.00000000e+00 2.92606516e+02 2.92616299e+02 2.92606516e+02 6.86179159e-06 1.32862460e+02 1.32255621e+02 6.06838378e-01
1.87368540e-02 2.91706420e+02 2.90363880e+02 -9.47072239e-03 -9.64576743e-03 0.00000000e+00 2.91407343e+02 2.91416989e+02 2.91407343e+02 6.83367029e-06 1.32318688e+02 1.31709709e+02 6.08979132e-01
1.88304488e-02 2.90508485e+02 2.89161325e+02 -9.33900728e-03 -9.51160532e-03 0.00000000e+00 2.90209034e+02 2.90218546e+02 2.90209034e+02 6.80556925e-06 1.31775303e+02 1.31164228e+02 6.11075091e-01
1.89241997e-02 2.89317028e+02 2.87965301e+02 -9.20810459e-03 -9.37829360e-03 0.00000000e+00 2.89017210e+02 2.89026588e+02 2.89017210e+02 6.77762027e-06 1.31234855e+02 1.30621709e+02 6.13146133e-01
1.90181104e-02 2.88126760e+02 2.86770548e+02 -9.08041028e-03 -9.24822955e-03 0.00000000e+00 2.87826587e+02 2.87835836e+02 2.87826587e+02 6.74969948e-06 1.30694947e+02 1.30079766e+02 6.15181170e-01
1.91121845e-02 2.86941696e+02 2.85581078e+02 -8.95407547e-03 -9.11956201e-03 0.00000000e+00 2.86641179e+02 2.86650299e+02 2.86641179e+02 6.72190097e-06 1.30157399e+02 1.29540219e+02 6.17179332e-01
1.92064259e-02 2.85762979e+02 2.84398038e+02 -8.82876698e-03 -8.99195701e-03 0.00000000e+00 2.85462129e+02 2.85471121e+02 2.85462129e+02 6.69425157e-06 1.29622730e+02 1.29003590e+02 6.19140265e-01
1.93008385e-02 2.84583254e+02 2.83214096e+02 -8.70758559e-03 -8.86851716e-03 0.00000000e+00 2.84282090e+02 2.84290958e+02 2.84282090e+02 6.66657894e-06 1.29087604e+02 1.28466551e+02 6.21053432e-01
1.93954263e-02 2.83409412e+02 2.82036082e+02 -8.58725249e-03 -8.74595993e-03 0.00000000e+00 2.83107937e+02 2.83116683e+02 2.83107937e+02 6.63904439e-06 1.28555147e+02 1.27932201e+02 6.22945505e-01
1.94901934e-02 2.82239334e+02 2.80861940e+02 -8.46879482e-03 -8.62531285e-03 0.00000000e+00 2.81937566e+02 2.81946191e+02 2.81937566e+02 6.61159849e-06 1.28024397e+02 1.27399608e+02 6.24789103e-01
1.95851442e-02 2.81075059e+02 2.79693656e+02 -8.35115680e-03 -8.50551839e-03 0.00000000e+00 2.80773003e+02 2.80781509e+02 2.80773003e+02 6.58428882e-06 1.27496279e+02 1.26869672e+02 6.26607464e-01
1.96802828e-02 2.79910149e+02 2.78524845e+02 -8.23724362e-03 -8.38948382e-03 0.00000000e+00 2.79607823e+02 2.79616212e+02 2.79607823e+02 6.55696467e-06 1.26967873e+02 1.26339497e+02 6.28376618e-01
1.97756139e-02 2.78751230e+02 2.77362114e+02 -8.12429741e-03 -8.27444841e-03 0.00000000e+00 2.78448647e+02 2.78456921e+02 2.78448647e+02 6.52978131e-06 1.26442185e+02 1.25812079e+02 6.30105984e-01
1.98711421e-02 2.77595766e+02 2.76202895e+02 -8.01289076e-03 -8.16098410e-03 0.00000000e+00 2.77292932e+02 2.77301093e+02 2.77292932e+02 6.50267914e-06 1.25918064e+02 1.25286255e+02 6.31809235e-01
1.99668720e-02 2.76444366e+02 2.75047867e+02 -7.90330332e-03 -8.04937083e-03 0.00000000e+00 2.76141302e+02 2.76149351e+02 2.76141302e+02 6.47567274e-06 1.25395786e+02 1.24762331e+02 6.33455204e-01
2.00628085e-02 2.75296021e+02 2.73895927e+02 -7.79522115e-03 -7.93929301e-03 0.00000000e+00 2.74992731e+02 2.75000670e+02 2.74992731e+02 6.44873808e-06 1.24874895e+02 1.24239809e+02 6.35085901e-01
2.01589566e-02 2.74151454e+02 2.72747890e+02 -7.68890537e-03 -7.83101210e-03 0.00000000e+00 2.73847955e+02 2.73855786e+02 2.73847955e+02 6.42189243e-06 1.24355716e+02 1.23719056e+02 6.36659670e-01
2.02553216e-02 2.73010082e+02 2.71603136e+02 -7.58436740e-03 -7.72453876e-03 0.00000000e+00 2.72706389e+02 2.72714114e+02 2.72706389e+02 6.39512204e-06 1.23837988e+02 1.23199794e+02 6.38193919e-01
2.03519086e-02 2.71872974e+02 2.70462728e+02 -7.48111156e-03 -7.61937630e-03 0.00000000e+00 2.71569097e+02 2.71576717e+02 2.71569097e+02 6.36845188e-06 1.23322192e+02 1.22682502e+02 6.39690489e-01
2.04487232e-02 2.70738996e+02 2.69325548e+02 -7.37952612e-03 -7.51591277e-03 0.00000000e+00 2.70434951e+02 2.70442467e+02 2.70434951e+02 6.34185550e-06 1.22807818e+02 1.22166675e+02 6.41143254e-01
2.05457708e-02 2.69608907e+02 2.68192345e+02 -7.27939667e-03 -7.41393317e-03 0.00000000e+00 2.69304706e+02 2.69312120e+02 2.69304706e+02 6.31535059e-06 1.22295207e+02 1.21652651e+02 6.42555347e-01
2.06430574e-02 2.68481373e+02 2.67061755e+02 -7.18057721e-03 -7.31329014e-03 0.00000000e+00 2.68177025e+02 2.68184338e+02 2.68177025e+02 6.28890581e-06 1.21783755e+02 1.21139813e+02 6.43941823e-01
2.07405887e-02 2.67360576e+02 2.65938040e+02 -7.08291348e-03 -7.21383052e-03 0.00000000e+00 2.67056100e+02 2.67063314e+02 2.67056100e+02 6.26261948e-06 1.21275359e+02 1.20630093e+02 6.45265909e-01
2.08383711e-02 2.66238281e+02 2.64812903e+02 -6.98779119e-03 -7.11693871e-03 0.00000000e+00 2.65933690e+02 2.65940807e+02 2.65933690e+02 6.23629831e-06 1.20766283e+02 1.20119729e+02 6.46554570e-01
2.09364106e-02 2.65121815e+02 2.63693688e+02 -6.89321334e-03 -7.02061648e-03 0.00000000e+00 2.64817122e+02 2.64824142e+02 2.64817122e+02 6.21011413e-06 1.20259852e+02 1.19612050e+02 6.47801485e-01
2.10347138e-02 2.64008821e+02 2.62578051e+02 -6.80030783e-03 -6.92599253e-03 0.00000000e+00 2.63704041e+02 2.63710967e+02 2.63704041e+02 6.18401175e-06 1.19754995e+02 1.19105995e+02 6.49000616e-01
2.11332875e-02 2.62898625e+02 2.61465275e+02 -6.70856270e-03 -6.83255319e-03 0.00000000e+00 2.62593768e+02 2.62600601e+02 2.62593768e+02 6.15797520e-06 1.19251408e+02 1.18601237e+02 6.50170780e-01
2.12321383e-02 2.61792444e+02 2.60356643e+02 -6.61826604e-03 -6.74058719e-03 0.00000000e+00 2.61487529e+02 2.61494270e+02 2.61487529e+02 6.13203325e-06 1.18749642e+02 1.18098359e+02 6.51282540e-01
2.13312735e-02 2.60689379e+02 2.59251211e+02 -6.52913366e-03 -6.64980901e-03 0.00000000e+00 2.60384418e+02 2.60391068e+02 2.60384418e+02 6.10616466e-06 1.18249289e+02 1.17596933e+02 6.52356367e-01
2.14307004e-02 2.59589073e+02 2.58148640e+02 -6.44138116e-03 -6.56043414e-03 0.00000000e+00 2.59284081e+02 2.59290642e+02 2.59284081e+02 6.08036113e-06 1.17750188e+02 1.17096804e+02 6.53383647e-01
2.15304264e-02 2.58492261e+02 2.57049643e+02 -6.35486769e-03 -6.47232137e-03 0.00000000e+00 2.58187250e+02 2.58193723e+02 2.58187250e+02 6.05463980e-06 1.17252671e+02 1.16598296e+02 6.54374582e-01
2.16304593e-02 2.57400805e+02 2.55956130e+02 -6.26911567e-03 -6.38499253e-03 0.00000000e+00 2.57095794e+02 2.57102179e+02 2.57095794e+02 6.02904451e-06 1.16757584e+02 1.16102277e+02 6.55307563e-01
2.17308072e-02 2.56308498e+02 2.54861844e+02 -6.18544879e-03 -6.29977108e-03 0.00000000e+00 2.56003500e+02 2.56009799e+02 2.56003500e+02 6.00342958e-06 1.16262111e+02 1.15605906e+02 6.56205533e-01
2.18314783e-02 2.55221749e+02 2.53773240e+02 -6.10251188e-03 -6.21530138e-03 0.00000000e+00 2.54916781e+02 2.54922996e+02 2.54916781e+02 5.97794540e-06 1.15769160e+02 1.15112113e+02 6.57047140e-01
2.19324811e-02 2.54137605e+02 2.52687328e+02 -6.02071499e-03 -6.13199274e-03 0.00000000e+00 2.53832680e+02 2.53838812e+02 2.53832680e+02 5.95252261e-06 1.15277390e+02 1.14619540e+02 6.57849188e-01
2.20338244e-02 2.53057181e+02 2.51605244e+02 -5.93997480e-03 -6.04976177e-03 0.00000000e+00 2.52752315e+02 2.52758365e+02 2.52752315e+02 5.92718742e-06 1.14787307e+02 1.14128705e+02 6.58601726e-01
2.21355174e-02 2.51979709e+02 2.50526210e+02 -5.86021059e-03 -5.96852695e-03 0.00000000e+00 2.51674917e+02 2.51680885e+02 2.51674917e+02 5.90192180e-06 1.14298563e+02 1.13639253e+02 6.59310171e-01
2.22375693e-02 2.50903646e+02 2.49448684e+02 -5.78200355e-03 -5.88886970e-03 0.00000000e+00 2.50598943e+02 2.50604832e+02 2.50598943e+02 5.87668959e-06 1.13810458e+02 1.13150484e+02 6.59973996e-01
2.23399899e-02 2.49832549e+02 2.48376247e+02 -5.70451620e-03 -5.80995193e-03 0.00000000e+00 2.49527954e+02 2.49533763e+02 2.49527954e+02 5.85157427e-06 1.13324607e+02 1.12664024e+02 6.60582125e-01
2.24427891e-02 2.48764014e+02 2.47306474e+02 -5.62810276e-03 -5.73212730e-03 0.00000000e+00 2.48459541e+02 2.48465273e+02 2.48459541e+02 5.82651936e-06 1.12839916e+02 1.12178773e+02 6.61143462e-01
2.25459774e-02 2.47697481e+02 2.46238795e+02 -5.55278520e-03 -5.65541731e-03 0.00000000e+00 2.47393144e+02 2.47398799e+02 2.47393144e+02 5.80151174e-06 1.12356135e+02 1.11694471e+02 6.61663288e-01
2.26495654e-02 2.46633115e+02 2.45173409e+02 -5.47858218e-03 -5.57984044e-03 0.00000000e+00 2.46328934e+02 2.46334514e+02 2.46328934e+02 5.77655540e-06 1.11873336e+02 1.11211210e+02 6.62125880e-01
2.27535642e-02 2.45572019e+02 2.44111385e+02 -5.40515670e-03 -5.50505912e-03 0.00000000e+00 2.45268007e+02 2.45273512e+02 2.45268007e+02 5.75167605e-06 1.11392020e+02 1.10729473e+02 6.62547061e-01
2.28579852e-02 2.44515878e+02 2.43054451e+02 -5.33268239e-03 -5.43124762e-03 0.00000000e+00 2.44212055e+02 2.44217486e+02 2.44212055e+02 5.72691336e-06 1.10912952e+02 1.10250046e+02 6.62906778e-01
2.29628403e-02 2.43461141e+02 2.41999010e+02 -5.26133543e-03 -5.35858092e-03 0.00000000e+00 2.43157521e+02 2.43162879e+02 2.43157521e+02 5.70218393e-06 1.10434522e+02 1.09771295e+02 6.63226141e-01
2.30681416e-02 2.42407639e+02 2.40944913e+02 -5.19071710e-03 -5.28665914e-03 0.00000000e+00 2.42104238e+02 2.42109524e+02 2.42104238e+02 5.67748383e-06 1.09956650e+02 1.09293154e+02 6.63495897e-01
2.31739020e-02 2.41359317e+02 2.39896125e+02 -5.12120483e-03 -5.21586162e-03 0.00000000e+00 2.41056154e+02 2.41061370e+02 2.41056154e+02 5.65290567e-06 1.09481129e+02 1.08817422e+02 6.63707030e-01
2.32801345e-02 2.40310003e+02 2.38846458e+02 -5.05266158e-03 -5.14604859e-03 0.00000000e+00 2.40007097e+02 2.40012243e+02 2.40007097e+02 5.62830467e-06 1.09005158e+02 1.08341291e+02 6.63867265e-01
2.33868527e-02 2.39266969e+02 2.37803193e+02 -4.98459292e-03 -5.07672690e-03 0.00000000e+00 2.38964337e+02 2.38969414e+02 2.38964337e+02 5.60385133e-06 1.08532035e+02 1.07868063e+02 6.63972069e-01
2.34940708e-02 2.38223811e+02 2.36759930e+02 -4.91788216e-03 -5.00877916e-03 0.00000000e+00 2.37921473e+02 2.37926482e+02 2.37921473e+02 5.57939558e-06 1.08058857e+02 1.07394837e+02 6.64019764e-01
2.36018033e-02 2.37183544e+02 2.35719650e+02 -4.85179835e-03 -4.94147372e-03 0.00000000e+00 2.36881513e+02 2.36886455e+02 2.36881513e+02 5.55500792e-06 1.07586989e+02 1.06922963e+02 6.64025778e-01
2.37100655e-02 2.36147834e+02 2.34684051e+02 -4.78641513e-03 -4.87488470e-03 0.00000000e+00 2.35846129e+02 2.35851004e+02 2.35846129e+02 5.53072756e-06 1.07117189e+02 1.06453213e+02 6.63975216e-01
2.38188731e-02 2.35111943e+02 2.33648402e+02 -4.72205023e-03 -4.80932861e-03 0.00000000e+00 2.34810585e+02 2.34815394e+02 2.34810585e+02 5.50644345e-06 1.06647306e+02 1.05983441e+02 6.63865508e-01
2.39282423e-02 2.34078921e+02 2.32615740e+02 -4.65839702e-03 -4.74449899e-03 0.00000000e+00 2.33777927e+02 2.33782672e+02 2.33777927e+02 5.48222703e-06 1.06178725e+02 1.05515023e+02 6.63701965e-01
2.40381903e-02 2.33048621e+02 2.31585935e+02 -4.59557184e-03 -4.68051215e-03 0.00000000e+00 2.32748013e+02 2.32752693e+02 2.32748013e+02 5.45807493e-06 1.05711379e+02 1.05047901e+02 6.63477847e-01
2.41487346e-02 2.32021696e+02 2.30559617e+02 -4.53330331e-03 -4.61709610e-03 0.00000000e+00 2.31721489e+02 2.31726106e+02 2.31721489e+02 5.43400237e-06 1.05245563e+02 1.04582361e+02 6.63202160e-01
2.42598934e-02 2.30993445e+02 2.29532119e+02 -4.47211507e-03 -4.55477382e-03 0.00000000e+00 2.30693663e+02 2.30698218e+02 2.30693663e+02 5.40989925e-06 1.04779146e+02 1.04116286e+02 6.62860744e-01
2.43716860e-02 2.29971326e+02 2.28510868e+02 -4.41098668e-03 -4.49252497e-03 0.00000000e+00 2.29671986e+02 2.29676478e+02 2.29671986e+02 5.38594033e-06 1.04315511e+02 1.03653044e+02 6.62466940e-01
2.44841320e-02 2.28947193e+02 2.27487730e+02 -4.35150971e-03 -4.43194152e-03 0.00000000e+00 2.28648315e+02 2.28652747e+02 2.28648315e+02 5.36193465e-06 1.03850962e+02 1.03188946e+02 6.62015555e-01
2.45972520e-02 2.27927540e+02 2.26469212e+02 -4.29250291e-03 -4.37184167e-03 0.00000000e+00 2.27629145e+02 2.27633517e+02 2.27629145e+02 5.33803453e-06 1.03388445e+02 1.02726944e+02 6.61500869e-01
2.47110675e-02 2.26907584e+02 2.25450520e+02 -4.23402842e-03 -4.31228599e-03 0.00000000e+00 2.26609692e+02 2.26614004e+02 2.26609692e+02 5.31412777e-06 1.02925791e+02 1.02264863e+02 6.60927641e-01
2.48256009e-02 2.25890505e+02 2.24434840e+02 -4.17612471e-03 -4.25331380e-03 0.00000000e+00 2.25593137e+02 2.25597391e+02 2.25593137e+02 5.29028897e-06 1.02464441e+02 1.01804149e+02 6.60292840e-01
2.49408755e-02 2.24874598e+02 2.23420472e+02 -4.11901022e-03 -4.19514325e-03 0.00000000e+00 2.24577776e+02 2.24581971e+02 2.24577776e+02 5.26647816e-06 1.02003624e+02 1.01344029e+02 6.59594914e-01
2.50569154e-02 2.23862595e+02 2.22410146e+02 -4.06249324e-03 -4.13758288e-03 0.00000000e+00 2.23566340e+02 2.23570477e+02 2.23566340e+02 5.24275939e-06 1.01544577e+02 1.00885743e+02 6.58833942e-01
2.51737461e-02 2.22848968e+02 2.21398345e+02 -4.00664418e-03 -4.08070135e-03 0.00000000e+00 2.22553302e+02 2.22557383e+02 2.22553302e+02 5.21900308e-06 1.01084793e+02 1.00426787e+02 6.58005657e-01
2.52913939e-02 2.21837663e+02 2.20389014e+02 -3.95152371e-03 -4.02456049e-03 0.00000000e+00 2.21542611e+02 2.21546636e+02 2.21542611e+02 5.19530178e-06 1.00626063e+02 9.99689528e+01 6.57110278e-01
2.54098865e-02 2.20829505e+02 2.19382953e+02 -3.89689657e-03 -3.96892457e-03 0.00000000e+00 2.20535084e+02 2.20539053e+02 2.20535084e+02 5.17167470e-06 1.00168760e+02 9.95126011e+01 6.56159065e-01
2.55292526e-02 2.19818969e+02 2.18374678e+02 -3.84282913e-03 -3.91385831e-03 0.00000000e+00 2.19525207e+02 2.19529120e+02 2.19525207e+02 5.14799248e-06 9.97103788e+01 9.90552451e+01 6.55133719e-01
2.56495225e-02 2.18811917e+02 2.17370036e+02 -3.78938296e-03 -3.85942494e-03 0.00000000e+00 2.18518836e+02 2.18522695e+02 2.18518836e+02 5.12439250e-06 9.92535780e+01 9.85995375e+01 6.54040484e-01
2.57707276e-02 2.17804947e+02 2.16365636e+02 -3.73652437e-03 -3.80558950e-03 0.00000000e+00 2.17512572e+02 2.17516377e+02 2.17512572e+02 5.10079503e-06 9.87968141e+01 9.81439392e+01 6.52874819e-01
2.58929010e-02 2.16801527e+02 2.15364933e+02 -3.68425280e-03 -3.75235227e-03 0.00000000e+00 2.16509880e+02 2.16513632e+02 2.16509880e+02 5.07728132e-06 9.83416603e+01 9.76900180e+01 6.51642280e-01
2.60160772e-02 2.15795497e+02 2.14361782e+02 -3.63242002e-03 -3.69956278e-03 0.00000000e+00 2.15504605e+02 2.15508304e+02 2.15504605e+02 5.05370704e-06 9.78853231e+01 9.72349866e+01 6.50336544e-01
2.61402925e-02 2.14790776e+02 2.13360106e+02 -3.58132295e-03 -3.64751950e-03 0.00000000e+00 2.14500664e+02 2.14504312e+02 2.14500664e+02 5.03016405e-06 9.74295792e+01 9.67806241e+01 6.48955101e-01
2.62655848e-02 2.13787548e+02 2.12360076e+02 -3.53069104e-03 -3.59595120e-03 0.00000000e+00 2.13498240e+02 2.13501836e+02 2.13498240e+02 5.00665663e-06 9.69745126e+01 9.63270085e+01 6.47504150e-01
2.63919941e-02 2.12784764e+02 2.11360671e+02 -3.48058105e-03 -3.54491429e-03 0.00000000e+00 2.12496289e+02 2.12499834e+02 2.12496289e+02 4.98316029e-06 9.65196476e+01 9.58736757e+01 6.45971908e-01
2.65195622e-02 2.11781941e+02 2.10361394e+02 -3.43082304e-03 -3.49423820e-03 0.00000000e+00 2.11494325e+02 2.11497819e+02 2.11494325e+02 4.95966366e-06 9.60647650e+01 9.54204015e+01 6.44363483e-01
2.66483331e-02 2.10779409e+02 2.09362582e+02 -3.38173323e-03 -3.44423972e-03 0.00000000e+00 2.10492680e+02 2.10496124e+02 2.10492680e+02 4.93617451e-06 9.56100143e+01 9.49673384e+01 6.42675911e-01
2.67783531e-02 2.09776265e+02 2.08363329e+02 -3.33305479e-03 -3.39466108e-03 0.00000000e+00 2.09490449e+02 2.09493844e+02 2.09490449e+02 4.91267162e-06 9.51549859e+01 9.45140747e+01 6.40911158e-01
2.69096710e-02 2.08773925e+02 2.07365086e+02 -3.28480253e-03 -3.34551735e-03 0.00000000e+00 2.08489055e+02 2.08492401e+02 2.08489055e+02 4.88918835e-06 9.47003220e+01 9.40612694e+01 6.39052628e-01
2.70423380e-02 2.07770558e+02 2.06365971e+02 -3.23701424e-03 -3.29684575e-03 0.00000000e+00 2.07486660e+02 2.07489956e+02 2.07486660e+02 4.86568159e-06 9.42451927e+01 9.36080689e+01 6.37123789e-01
2.71764085e-02 2.06767233e+02 2.05367114e+02 -3.18964570e-03 -3.24860209e-03 0.00000000e+00 2.06484339e+02 2.06487588e+02 2.06484339e+02 4.84217660e-06 9.37900820e+01 9.31549849e+01 6.35097094e-01
2.73119394e-02 2.05763461e+02 2.04367983e+02 -3.14274560e-03 -3.20083487e-03 0.00000000e+00 2.05481599e+02 2.05484800e+02 2.05481599e+02 4.81866177e-06 9.33347687e+01 9.27017769e+01 6.32991795e-01
2.74489911e-02 2.04757803e+02 2.03367180e+02 -3.09613556e-03 -3.15336485e-03 0.00000000e+00 2.04477009e+02 2.04480162e+02 2.04477009e+02 4.79510355e-06 9.28786003e+01 9.22478102e+01 6.30790116e-01
2.75876274e-02 2.03754346e+02 2.02368781e+02 -3.05018367e-03 -3.10656172e-03 0.00000000e+00 2.03474650e+02 2.03477757e+02 2.03474650e+02 4.77159766e-06 9.24234300e+01 9.17949346e+01 6.28495401e-01
2.77279158e-02 2.02746126e+02 2.01365832e+02 -3.00451854e-03 -3.06005146e-03 0.00000000e+00 2.02467564e+02 2.02470624e+02 2.02467564e+02 4.74798090e-06 9.19660991e+01 9.13399945e+01 6.26104591e-01
2.78699279e-02 2.01739492e+02 2.00364675e+02 -2.95915379e-03 -3.01384913e-03 0.00000000e+00 2.01462095e+02 2.01465109e+02 2.01462095e+02 4.72440207e-06 9.15094874e+01 9.08858676e+01 6.23619830e-01
2.80137395e-02 2.00728862e+02 1.99359754e+02 -2.91418314e-03 -2.96804713e-03 0.00000000e+00 2.00452669e+02 2.00455637e+02 2.00452669e+02 4.70073044e-06 9.10510635e+01 9.04300330e+01 6.21030518e-01
2.81594312e-02 1.99719063e+02 1.98355884e+02 -2.86955519e-03 -2.92259497e-03 0.00000000e+00 1.99444108e+02 1.99447030e+02 1.99444108e+02 4.67707910e-06 9.05930165e+01 8.99746753e+01 6.18341164e-01
2.83070884e-02 1.98703902e+02 1.97346881e+02 -2.82527797e-03 -2.87749907e-03 0.00000000e+00 1.98430222e+02 1.98433100e+02 1.98430222e+02 4.65330290e-06 9.01325371e+01 8.95169894e+01 6.15547702e-01
2.84568022e-02 1.97688002e+02 1.96337396e+02 -2.78120877e-03 -2.83261739e-03 0.00000000e+00 1.97415639e+02 1.97418471e+02 1.97415639e+02 4.62951033e-06 8.96717226e+01 8.90590844e+01 6.12638229e-01
2.86086696e-02 1.96670377e+02 1.95326415e+02 -2.73760148e-03 -2.78820393e-03 0.00000000e+00 1.96399367e+02 1.96402155e+02 1.96399367e+02 4.60567818e-06 8.92101257e+01 8.86005011e+01 6.09624539e-01
2.87627940e-02 1.95650454e+02 1.94313407e+02 -2.69440122e-03 -2.74420343e-03 0.00000000e+00 1.95380841e+02 1.95383585e+02 1.95380841e+02 4.58179314e-06 8.87474862e+01 8.81409986e+01 6.06487589e-01
2.89192860e-02 1.94626774e+02 1.93296902e+02 -2.65161162e-03 -2.70061902e-03 0.00000000e+00 1.94358599e+02 1.94361300e+02 1.94358599e+02 4.55782100e-06 8.82831425e+01 8.76799097e+01 6.03232819e-01
2.90782636e-02 1.93599366e+02 1.92276950e+02 -2.60849165e-03 -2.65670807e-03 0.00000000e+00 1.93332676e+02 1.93335333e+02 1.93332676e+02 4.53376250e-06 8.78171079e+01 8.72172571e+01 5.99850853e-01
2.92398533e-02 1.92567244e+02 1.91252556e+02 -2.56589547e-03 -2.61332607e-03 0.00000000e+00 1.92302083e+02 1.92304696e+02 1.92302083e+02 4.50959450e-06 8.73489351e+01 8.67525896e+01 5.96345581e-01
2.94041909e-02 1.91533505e+02 1.90226839e+02 -2.52389155e-03 -2.57054217e-03 0.00000000e+00 1.91269920e+02 1.91272491e+02 1.91269920e+02 4.48538969e-06 8.68800290e+01 8.62873224e+01 5.92706619e-01
2.95714220e-02 1.90493865e+02 1.89195528e+02 -2.48169814e-03 -2.52757195e-03 0.00000000e+00 1.90231907e+02 1.90234434e+02 1.90231907e+02 4.46104767e-06 8.64084460e+01 8.58195170e+01 5.88928973e-01
2.97417034e-02 1.89450995e+02 1.88161292e+02 -2.44012350e-03 -2.48522571e-03 0.00000000e+00 1.89190711e+02 1.89193197e+02 1.89190711e+02 4.43663104e-06 8.59353975e+01 8.53503855e+01 5.85011908e-01
2.99152041e-02 1.88400529e+02 1.87119813e+02 -2.39843816e-03 -2.44277143e-03 0.00000000e+00 1.88141979e+02 1.88144422e+02 1.88141979e+02 4.41203766e-06 8.54589038e+01 8.48779683e+01 5.80935516e-01
3.00921064e-02 1.87346573e+02 1.86075168e+02 -2.35708539e-03 -2.40065398e-03 0.00000000e+00 1.87089809e+02 1.87092210e+02 1.87089809e+02 4.38736367e-06 8.49808272e+01 8.44041149e+01 5.76712349e-01
3.02726076e-02 1.86285960e+02 1.85024217e+02 -2.31612347e-03 -2.35893093e-03 0.00000000e+00 1.86031039e+02 1.86033398e+02 1.86031039e+02 4.36253490e-06 8.44997306e+01 8.39274011e+01 5.72329501e-01
3.04569214e-02 1.85217739e+02 1.83966053e+02 -2.27474044e-03 -2.31678833e-03 0.00000000e+00 1.84964726e+02 1.84967043e+02 1.84964726e+02 4.33752924e-06 8.40151831e+01 8.34474158e+01 5.67767288e-01
3.06452796e-02 1.84142529e+02 1.82901232e+02 -2.23378944e-03 -2.27508099e-03 0.00000000e+00 1.83891479e+02 1.83893754e+02 1.83891479e+02 4.31236097e-06 8.35274655e+01 8.29644104e+01 5.63055119e-01
3.08379346e-02 1.83060379e+02 1.81829919e+02 -2.19299353e-03 -2.23353125e-03 0.00000000e+00 1.82811364e+02 1.82813598e+02 1.82811364e+02 4.28703166e-06 8.30366000e+01 8.24784603e+01 5.58139659e-01
3.10351616e-02 1.81969992e+02 1.80750780e+02 -2.15221733e-03 -2.19200301e-03 0.00000000e+00 1.81723080e+02 1.81725272e+02 1.81723080e+02 4.26151077e-06 8.25419980e+01 8.19889604e+01 5.53037592e-01
3.12372611e-02 1.80872085e+02 1.79664560e+02 -2.11203052e-03 -2.15106704e-03 0.00000000e+00 1.80627347e+02 1.80629498e+02 1.80627347e+02 4.23581521e-06 8.20439849e+01 8.14962487e+01 5.47736180e-01
3.14445624e-02 1.79761656e+02 1.78566280e+02 -2.07160804e-03 -2.10989547e-03 0.00000000e+00 1.79519169e+02 1.79521279e+02 1.79519169e+02 4.20982778e-06 8.15402914e+01 8.09980663e+01 5.42225091e-01
3.16574270e-02 1.78642262e+02 1.77459534e+02 -2.03099569e-03 -2.06853468e-03 0.00000000e+00 1.78402108e+02 1.78404176e+02 1.78402108e+02 4.18363205e-06 8.10325319e+01 8.04960440e+01 5.36487867e-01
3.18762530e-02 1.77509978e+02 1.76340396e+02 -1.99054794e-03 -2.02733889e-03 0.00000000e+00 1.77272239e+02 1.77274266e+02 1.77272239e+02 4.15713598e-06 8.05189253e+01 7.99884006e+01 5.30524726e-01
3.21014797e-02 1.76364447e+02 1.75208570e+02 -1.94958882e-03 -1.98563051e-03 0.00000000e+00 1.76129216e+02 1.76131201e+02 1.76129216e+02 4.13033142e-06 7.99993098e+01 7.94750018e+01 5.24308039e-01
3.23335938e-02 1.75206324e+02 1.74064722e+02 -1.90901699e-03 -1.94430988e-03 0.00000000e+00 1.74973694e+02 1.74975639e+02 1.74973694e+02 4.10323378e-06 7.94739828e+01 7.89561497e+01 5.17833127e-01
3.25731356e-02 1.74035082e+02 1.72908338e+02 -1.86892348e-03 -1.90346787e-03 0.00000000e+00 1.73805150e+02 1.73807054e+02 1.73805150e+02 4.07583074e-06 7.89427049e+01 7.84316113e+01 5.11093515e-01
3.28207071e-02 1.72844417e+02 1.71733184e+02 -1.82772685e-03 -1.86151850e-03 0.00000000e+00 1.72617291e+02 1.72619153e+02 1.72617291e+02 4.04797477e-06 7.84026164e+01 7.78985587e+01 5.04057660e-01
3.30769816e-02 1.71638877e+02 1.70543838e+02 -1.78695145e-03 -1.81998969e-03 0.00000000e+00 1.71414671e+02 1.71416491e+02 1.71414671e+02 4.01977262e-06 7.78557809e+01 7.73590686e+01 4.96712244e-01
3.33427143e-02 1.70413236e+02 1.69335114e+02 -1.74597981e-03 -1.77826155e-03 0.00000000e+00 1.70192068e+02 1.70193847e+02 1.70192068e+02 3.99110189e-06 7.72998271e+01 7.68107889e+01 4.89038273e-01
3.36187559e-02 1.69171087e+02 1.68110648e+02 -1.70550331e-03 -1.73702714e-03 0.00000000e+00 1.68953085e+02 1.68954822e+02 1.68953085e+02 3.96204701e-06 7.67363855e+01 7.62553684e+01 4.81017121e-01
3.39060684e-02 1.67898543e+02 1.66856603e+02 -1.66387265e-03 -1.69463120e-03 0.00000000e+00 1.67683844e+02 1.67685538e+02 1.67683844e+02 3.93228258e-06 7.61591567e+01 7.56865303e+01 4.72626401e-01
3.42057438e-02 1.66603887e+02 1.65581309e+02 -1.62202645e-03 -1.65201527e-03 0.00000000e+00 1.66392635e+02 1.66394287e+02 1.66392635e+02 3.90200299e-06 7.55718982e+01 7.51080545e+01 4.63843774e-01
3.45190280e-02 1.65282886e+02 1.64280618e+02 -1.58062210e-03 -1.60983699e-03 0.00000000e+00 1.65075237e+02 1.65076847e+02 1.65075237e+02 3.87110925e-06 7.49726888e+01 7.45180579e+01 4.54630928e-01
3.48473482e-02 1.63931769e+02 1.62950799e+02 -1.53830210e-03 -1.56673511e-03 0.00000000e+00 1.63727889e+02 1.63729456e+02 1.63727889e+02 3.83951316e-06 7.43598190e+01 7.39148490e+01 4.44970005e-01
3.51923476e-02 1.62549047e+02 1.61590446e+02 -1.49547940e-03 -1.52312273e-03 0.00000000e+00 1.62349115e+02 1.62350638e+02 1.62349115e+02 3.80718012e-06 7.37326133e+01 7.32977897e+01 4.34823646e-01
3.55559274e-02 1.61124175e+02 1.60189086e+02 -1.45264845e-03 -1.47949324e-03 0.00000000e+00 1.60928385e+02 1.60929864e+02 1.60928385e+02 3.77386316e-06 7.30862882e+01 7.26621300e+01 4.24158156e-01
3.59402987e-02 1.59660760e+02 1.58750409e+02 -1.40866474e-03 -1.43469986e-03 0.00000000e+00 1.59469317e+02 1.59470751e+02 1.59469317e+02 3.73964718e-06 7.24224801e+01 7.20095428e+01 4.12937288e-01
3.63480466e-02 1.58147140e+02 1.57262822e+02 -1.36438974e-03 -1.38960357e-03 0.00000000e+00 1.57960262e+02 1.57961652e+02 1.57960262e+02 3.70425898e-06 7.17358984e+01 7.13347697e+01 4.01128654e-01
3.67822093e-02 1.56582364e+02 1.55725497e+02 -1.31921119e-03 -1.34359020e-03 0.00000000e+00 1.56400292e+02 1.56401635e+02 1.56400292e+02 3.66767678e-06 7.10261126e+01 7.06374360e+01 3.88676562e-01
3.72463759e-02 1.54956088e+02 1.54128134e+02 -1.27330069e-03 -1.29682967e-03 0.00000000e+00 1.54779071e+02 1.54780367e+02 1.54779071e+02 3.62965820e-06 7.02884301e+01 6.99128683e+01 3.75561778e-01
3.77448068e-02 1.53262286e+02 1.52464807e+02 -1.22635280e-03 -1.24901455e-03 0.00000000e+00 1.53090590e+02 1.53091839e+02 1.53090590e+02 3.59006237e-06 6.95201176e+01 6.91583793e+01 3.61738339e-01
3.82825804e-02 1.51489849e+02 1.50724478e+02 -1.17843017e-03 -1.20020562e-03 0.00000000e+00 1.51323757e+02 1.51324957e+02 1.51323757e+02 3.54862911e-06 6.87161362e+01 6.83689625e+01 3.47173672e-01
3.88657680e-02 1.49626598e+02 1.48894991e+02 -1.12929194e-03 -1.15015954e-03 0.00000000e+00 1.49466399e+02 1.49467549e+02 1.49466399e+02 3.50507298e-06 6.78709614e+01 6.75391031e+01 3.31858277e-01
3.95016370e-02 1.47656723e+02 1.46960518e+02 -1.07898627e-03 -1.09892236e-03 0.00000000e+00 1.47502707e+02 1.47503805e+02 1.47502707e+02 3.45902327e-06 6.69774217e+01 6.66616218e+01 3.15799882e-01
4.01988695e-02 1.45567735e+02 1.44908487e+02 -1.02662486e-03 -1.04560255e-03 0.00000000e+00 1.45420183e+02 1.45421229e+02 1.45420183e+02 3.41018691e-06 6.60298523e+01 6.57308155e+01 2.99036765e-01
4.09677685e-02 1.43326385e+02 1.42705392e+02 -9.73735049e-04 -9.91727289e-04 0.00000000e+00 1.43185548e+02 1.43186540e+02 1.43185548e+02 3.35778342e-06 6.50131707e+01 6.47314871e+01 2.81683623e-01
4.18203867e-02 1.40918743e+02 1.40336860e+02 -9.18294464e-04 -9.35270156e-04 0.00000000e+00 1.40784805e+02 1.40785741e+02 1.40784805e+02 3.30148462e-06 6.39210588e+01 6.36571152e+01 2.63943574e-01
4.27704540e-02 1.38301493e+02 1.37758828e+02 -8.61964313e-04 -8.77893933e-04 0.00000000e+00 1.38174535e+02 1.38175412e+02 1.38174535e+02 3.24027227e-06 6.27338684e+01 6.24877142e+01 2.46154213e-01
4.38328951e-02 1.35446716e+02 1.34942182e+02 -8.03523624e-04 -8.18377333e-04 0.00000000e+00 1.35326636e+02 1.35327454e+02 1.35326636e+02 3.17348740e-06 6.14389353e+01 6.12100774e+01 2.28857863e-01
4.50226519e-02 1.32306714e+02 1.31837539e+02 -7.43988524e-04 -7.57741613e-04 0.00000000e+00 1.32193158e+02 1.32193916e+02 1.32193158e+02 3.10000555e-06 6.00146234e+01 5.98018045e+01 2.12818890e-01
4.63525423e-02 1.28844393e+02 1.28405547e+02 -6.83537701e-04 -6.96173653e-04 0.00000000e+00 1.28736662e+02 1.28737358e+02 1.28736662e+02 3.01894873e-06 5.84441065e+01 5.82450448e+01 1.99061699e-01
4.78301979e-02 1.25024599e+02 1.24608434e+02 -6.23048826e-04 -6.34564650e-04 0.00000000e+00 1.24921591e+02 1.24922226e+02 1.24921591e+02 2.92948311e-06 5.67114394e+01 5.65226659e+01 1.88773565e-01
4.94548538e-02 1.20842804e+02 1.20439215e+02 -5.63221689e-04 -5.73632863e-04 0.00000000e+00 1.20743029e+02 1.20743603e+02 1.20743029e+02 2.83149343e-06 5.48145678e+01 5.46314988e+01 1.83069052e-01
5.12155918e-02 1.16317284e+02 1.15914619e+02 -5.05471300e-04 -5.14815145e-04 0.00000000e+00 1.16219002e+02 1.16219517e+02 1.16219002e+02 2.72540240e-06 5.27617817e+01 5.25791320e+01 1.82649630e-01
5.30925736e-02 1.11515252e+02 1.11101995e+02 -4.50916797e-04 -4.59252310e-04 0.00000000e+00 1.11416725e+02 1.11417184e+02 1.11416725e+02 2.61278624e-06 5.05835692e+01 5.03961147e+01 1.87454489e-01
5.50611647e-02 1.06537915e+02 1.06104691e+02 -4.00526534e-04 -4.07930299e-04 0.00000000e+00 1.06437713e+02 1.06438121e+02 1.06437713e+02 2.49602554e-06 4.83258377e+01 4.81293267e+01 1.96510984e-01
5.70969034e-02 1.01511186e+02 1.01052451e+02 -3.55025996e-04 -3.61586138e-04 0.00000000e+00 1.01408447e+02 1.01408809e+02 1.01408447e+02 2.37808636e-06 4.60457021e+01 4.58376191e+01 2.08083031e-01
5.91790418e-02 9.65746701e+01 9.60895748e+01 -3.14381154e-04 -3.20190303e-04 0.00000000e+00 9.64692340e+01 9.64695542e+01 9.64692340e+01 2.26225897e-06 4.38064877e+01 4.35864474e+01 2.20040314e-01
6.12918620e-02 9.18513536e+01 9.13437091e+01 -2.78704301e-04 -2.83854493e-04 0.00000000e+00 9.17437587e+01 9.17440426e+01 9.17437587e+01 2.15144386e-06 4.16639807e+01 4.14337120e+01 2.30268664e-01
6.34243570e-02 8.74441532e+01 8.69216391e+01 -2.47759531e-04 -2.52338059e-04 0.00000000e+00 8.73355195e+01 8.73357719e+01 8.73355195e+01 2.04806812e-06 3.96648647e+01 3.94278511e+01 2.37013590e-01
6.55692140e-02 8.34273375e+01 8.29002583e+01 -2.21157682e-04 -2.25244549e-04 0.00000000e+00 8.33191778e+01 8.33194031e+01 8.33191778e+01 1.95388260e-06 3.78428280e+01 3.76037437e+01 2.39084308e-01
6.77217383e-02 7.98427022e+01 7.93225478e+01 -1.98362859e-04 -2.02029224e-04 0.00000000e+00 7.97367043e+01 7.97369063e+01 7.97367043e+01 1.86987153e-06 3.62168293e+01 3.59808862e+01 2.35943164e-01
6.98789801e-02 7.66955581e+01 7.61935826e+01 -1.78966413e-04 -1.82274171e-04 0.00000000e+00 7.65933710e+01 7.65935533e+01 7.65933710e+01 1.79615856e-06 3.47892777e+01 3.45615805e+01 2.27697213e-01
7.20391111e-02 7.39639297e+01 7.34899304e+01 -1.62412653e-04 -1.65414264e-04 0.00000000e+00 7.38669784e+01 7.38671438e+01 7.38669784e+01 1.73222309e-06 3.35502049e+01 3.33351978e+01 2.15007149e-01
7.42010073e-02 7.16016633e+01 7.11630448e+01 -1.48214175e-04 -1.50953224e-04 0.00000000e+00 7.15110085e+01 7.15111594e+01 7.15110085e+01 1.67697424e-06 3.24786756e+01 3.22797172e+01 1.98958329e-01
7.63639810e-02 6.95435021e+01 6.91446873e+01 -1.35938227e-04 -1.38450179e-04 0.00000000e+00 6.94597525e+01 6.94598909e+01 6.94597525e+01 1.62887110e-06 3.15450890e+01 3.13641857e+01 1.80903295e-01
7.85276129e-02 6.77145322e+01 6.73567640e+01 -1.25184961e-04 -1.27498122e-04 0.00000000e+00 6.76378161e+01 6.76379436e+01 6.76378161e+01 1.58614565e-06 3.07154642e+01 3.05531797e+01 1.62284484e-01
8.06916475e-02 6.60380776e+01 6.57195435e+01 -1.15631982e-04 -1.17768668e-04 0.00000000e+00 6.59680630e+01 6.59681807e+01 6.59680630e+01 1.54698898e-06 2.99550206e+01 2.98105328e+01 1.44487782e-01
8.28559295e-02 6.44420590e+01 6.41583254e+01 -1.07009137e-04 -1.08986789e-04 0.00000000e+00 6.43780211e+01 6.43781301e+01 6.43780211e+01 1.50970158e-06 2.92310630e+01 2.91023607e+01 1.28702221e-01
8.50203642e-02 6.28639419e+01 6.26086150e+01 -9.91696574e-05 -1.01002057e-04 0.00000000e+00 6.28048645e+01 6.28049655e+01 6.28048645e+01 1.47281016e-06 2.85152255e+01 2.83994086e+01 1.15816854e-01
8.71848941e-02 6.12597229e+01 6.10252210e+01 -9.18991918e-05 -9.35973274e-05 0.00000000e+00 6.12044153e+01 6.12045089e+01 6.12044153e+01 1.43527870e-06 2.77875482e+01 2.76811776e+01 1.06370591e-01
8.93494840e-02 5.96021336e+01 5.93805089e+01 -8.50982154e-05 -8.66712766e-05 0.00000000e+00 5.95493552e+01 5.95494418e+01 5.95493552e+01 1.39646659e-06 2.70356619e+01 2.69351324e+01 1.00529489e-01
9.15141125e-02 5.78780119e+01 5.76617315e+01 -7.87727788e-05 -8.02289195e-05 0.00000000e+00 5.78265915e+01 5.78266717e+01 5.78265915e+01 1.35606679e-06 2.62535964e+01 2.61554911e+01 9.81052729e-02
9.36787664e-02 5.60957165e+01 5.58783143e+01 -7.28577823e-05 -7.42045797e-05 0.00000000e+00 5.60446493e+01 5.60447235e+01 5.60446493e+01 1.31427922e-06 2.54451432e+01 2.53465291e+01 9.86141093e-02
9.58434375e-02 5.42736694e+01 5.40502387e+01 -6.73725448e-05 -6.86174122e-05 0.00000000e+00 5.42221916e+01 5.42222602e+01 5.42221916e+01 1.27154154e-06 2.46186586e+01 2.45173099e+01 1.01348669e-01
9.80081209e-02 5.24445216e+01 5.22119956e+01 -6.22551782e-05 -6.34054768e-05 0.00000000e+00 5.23921504e+01 5.23922138e+01 5.23921504e+01 1.22862603e-06 2.37889530e+01 2.36834787e+01 1.05474306e-01
1.00172813e-01 5.06420325e+01 5.03992704e+01 -5.75330620e-05 -5.85962521e-05 0.00000000e+00 5.05885796e+01 5.05886382e+01 5.05885796e+01 1.18633125e-06 2.29713399e+01 2.28612224e+01 1.10117436e-01
1.02337513e-01 4.89005266e+01 4.86481917e+01 -5.32236872e-05 -5.42072753e-05 0.00000000e+00 4.88460788e+01 4.88461330e+01 4.88460788e+01 1.14546861e-06 2.21813889e+01 2.20669292e+01 1.14459664e-01
1.04502218e-01 4.72520741e+01 4.69923689e+01 -4.93227941e-05 -5.02342131e-05 0.00000000e+00 4.71969518e+01 4.71970021e+01 4.71969518e+01 1.10679563e-06 2.14336471e+01 2.13158443e+01 1.17802878e-01
1.06666928e-01 4.57234388e+01 4.54596846e+01 -4.58052160e-05 -4.66516719e-05 0.00000000e+00 4.56681315e+01 4.56681781e+01 4.56681315e+01 1.07094392e-06 2.07402547e+01 2.06206152e+01 1.19639516e-01
1.08831642e-01 4.43310549e+01 4.40672462e+01 -4.26572416e-05 -4.34455679e-05 0.00000000e+00 4.42761534e+01 4.42761968e+01 4.42761534e+01 1.03830123e-06 2.01086662e+01 1.99890020e+01 1.19664229e-01
1.10996360e-01 4.30814426e+01 4.28217716e+01 -3.98507702e-05 -4.05872702e-05 0.00000000e+00 4.30275673e+01 4.30276078e+01 4.30275673e+01 1.00902117e-06 1.95418393e+01 1.94240520e+01 1.17787351e-01
1.13161081e-01 4.19717946e+01 4.17201914e+01 -3.73511093e-05 -3.80414496e-05 0.00000000e+00 4.19195250e+01 4.19195630e+01 4.19195250e+01 9.83036942e-07 1.90385005e+01 1.89243727e+01 1.14127767e-01
1.15325806e-01 4.09899516e+01 4.07496994e+01 -3.51292185e-05 -3.57783684e-05 0.00000000e+00 4.09397687e+01 4.09398045e+01 4.09397687e+01 9.60061095e-07 1.85931343e+01 1.84841553e+01 1.08978947e-01
1.17490533e-01 4.01179153e+01 3.98913967e+01 -3.31227752e-05 -3.37349322e-05 0.00000000e+00 4.00701631e+01 4.00701968e+01 4.00701631e+01 9.39668344e-07 1.81975766e+01 1.80948273e+01 1.02749353e-01
1.19655264e-01 3.93310375e+01 3.91195592e+01 -3.13097207e-05 -3.18883788e-05 0.00000000e+00 3.92858972e+01 3.92859291e+01 3.92858972e+01 9.21276859e-07 1.78406471e+01 1.77447201e+01 9.59270455e-02
1.21819997e-01 3.86037880e+01 3.84075504e+01 -2.96491267e-05 -3.01971066e-05 0.00000000e+00 3.85612736e+01 3.85613038e+01 3.85612736e+01 9.04284019e-07 1.75107651e+01 1.74217513e+01 8.90138089e-02
1.23984732e-01 3.79139085e+01 3.77320848e+01 -2.81103268e-05 -2.86299064e-05 0.00000000e+00 3.78738781e+01 3.78739068e+01 3.78738781e+01 8.88164199e-07 1.71978342e+01 1.71153586e+01 8.24756139e-02
1.26149469e-01 3.72363895e+01 3.70672928e+01 -2.66803824e-05 -2.71733575e-05 0.00000000e+00 3.71985728e+01 3.71986000e+01 3.71985728e+01 8.72327902e-07 1.68905100e+01 1.68138074e+01 7.67026400e-02
1.28314209e-01 3.65519454e+01 3.63932285e+01 -2.53101846e-05 -2.57779156e-05 0.00000000e+00 3.65159734e+01 3.65159992e+01 3.65159734e+01 8.56320554e-07 1.65800447e+01 1.65080503e+01 7.19943542e-02
1.30478951e-01 3.58457261e+01 3.56946807e+01 -2.39993242e-05 -2.44429230e-05 0.00000000e+00 3.58111771e+01 3.58112016e+01 3.58111771e+01 8.39792675e-07 1.62597020e+01 1.61911875e+01 6.85145532e-02
1.32643695e-01 3.51097859e+01 3.49636191e+01 -2.27458084e-05 -2.31662373e-05 0.00000000e+00 3.50762273e+01 3.50762504e+01 3.50762273e+01 8.22557679e-07 1.59258779e+01 1.58595763e+01 6.63015845e-02
1.34808440e-01 3.43432251e+01 3.41993230e+01 -2.15488053e-05 -2.19469683e-05 0.00000000e+00 3.43102526e+01 3.43102746e+01 3.43102526e+01 8.04595134e-07 1.55781642e+01 1.55128899e+01 6.52742851e-02
1.36973188e-01 3.35538711e+01 3.34100221e+01 -2.03835666e-05 -2.07603538e-05 0.00000000e+00 3.35211420e+01 3.35211628e+01 3.35211420e+01 7.86090036e-07 1.52201114e+01 1.51548612e+01 6.52502160e-02
1.39137937e-01 3.27485067e+01 3.26030473e+01 -1.92865056e-05 -1.96428992e-05 0.00000000e+00 3.27157628e+01 3.27157824e+01 3.27157628e+01 7.67203430e-07 1.48547963e+01 1.47888156e+01 6.59807082e-02
1.41302688e-01 3.19420233e+01 3.17939393e+01 -1.82394012e-05 -1.85764379e-05 0.00000000e+00 3.19091046e+01 3.19091231e+01 3.19091046e+01 7.48286832e-07 1.44889737e+01 1.44218024e+01 6.71712541e-02
1.43467440e-01 3.11478122e+01 3.09967524e+01 -1.72475556e-05 -1.75663468e-05 0.00000000e+00 3.11146594e+01 3.11146770e+01 3.11146594e+01 7.29656637e-07 1.41287177e+01 1.40601966e+01 6.85210565e-02
1.45632194e-01 3.03774732e+01 3.02237088e+01 -1.63226753e-05 -1.66243939e-05 0.00000000e+00 3.03441222e+01 3.03441388e+01 3.03441222e+01 7.11587096e-07 1.37792902e+01 1.37095423e+01 6.97479108e-02
1.47796949e-01 2.96410690e+01 2.94853924e+01 -1.54679774e-05 -1.57538205e-05 0.00000000e+00 2.96076349e+01 2.96076506e+01 2.96076349e+01 6.94316046e-07 1.34452556e+01 1.33746403e+01 7.06152838e-02
1.49961705e-01 2.89485454e+01 2.87921304e+01 -1.46717153e-05 -1.49428683e-05 0.00000000e+00 2.89152006e+01 2.89152156e+01 2.89152006e+01 6.78078065e-07 1.31311253e+01 1.30601751e+01 7.09501773e-02
1.52126463e-01 2.83042164e+01 2.81484633e+01 -1.39402535e-05 -1.41978766e-05 0.00000000e+00 2.82711681e+01 2.82711823e+01 2.82711681e+01 6.62975133e-07 1.28388563e+01 1.27682063e+01 7.06499597e-02
1.54291222e-01 2.77105075e+01 2.75568838e+01 -1.32693312e-05 -1.35145246e-05 0.00000000e+00 2.76779726e+01 2.76779861e+01 2.76779726e+01 6.49064356e-07 1.25695486e+01 1.24998645e+01 6.96840683e-02
1.56455982e-01 2.71677987e+01 2.70176805e+01 -1.26479011e-05 -1.28816789e-05 0.00000000e+00 2.71359795e+01 2.71359924e+01 2.71359795e+01 6.36354307e-07 1.23233746e+01 1.22552807e+01 6.80939540e-02
1.58620744e-01 2.66709355e+01 2.65254830e+01 -1.20834792e-05 -1.23067697e-05 0.00000000e+00 2.66400018e+01 2.66400141e+01 2.66400018e+01 6.24723346e-07 1.20979964e+01 1.20320188e+01 6.59776042e-02
1.60785506e-01 2.62152463e+01 2.60753076e+01 -1.15591885e-05 -1.17727974e-05 0.00000000e+00 2.61853199e+01 2.61853317e+01 2.61853199e+01 6.14060793e-07 1.18912947e+01 1.18278182e+01 6.34765145e-02
1.62950270e-01 2.57923697e+01 2.56584255e+01 -1.10710531e-05 -1.12756711e-05 0.00000000e+00 2.57635169e+01 2.57635281e+01 2.57635169e+01 6.04169270e-07 1.16994769e+01 1.16387196e+01 6.07573564e-02
1.65115034e-01 2.53923894e+01 2.52645407e+01 -1.06167607e-05 -1.08129656e-05 0.00000000e+00 2.53646193e+01 2.53646301e+01 2.53646193e+01 5.94814893e-07 1.15180450e+01 1.14600525e+01 5.79924606e-02
1.67279800e-01 2.50065103e+01 2.48844968e+01 -1.01881678e-05 -1.03764303e-05 0.00000000e+00 2.49797775e+01 2.49797879e+01 2.49797775e+01 5.85790131e-07 1.13430093e+01 1.12876638e+01 5.53455660e-02
1.69444566e-01 2.46267233e+01 2.45099783e+01 -9.77962695e-06 -9.96032894e-06 0.00000000e+00 2.46009364e+01 2.46009464e+01 2.46009364e+01 5.76906091e-07 1.11707371e+01 1.11177813e+01 5.29557860e-02
1.71609333e-01 2.42462094e+01 2.41339390e+01 -9.38759366e-06 -9.56104732e-06 0.00000000e+00 2.42212432e+01 2.42212528e+01 2.42212432e+01 5.68002066e-07 1.09981351e+01 1.09472090e+01 5.09260899e-02
1.73774102e-01 2.38604416e+01 2.37517133e+01 -9.00965872e-06 -9.17612858e-06 0.00000000e+00 2.38361503e+01 2.38361594e+01 2.38361503e+01 5.58971416e-07 1.08231500e+01 1.07738306e+01 4.93193987e-02
1.75938871e-01 2.34673068e+01 2.33611440e+01 -8.64344721e-06 -8.80316869e-06 0.00000000e+00 2.34435380e+01 2.34435468e+01 2.34435380e+01 5.49764433e-07 1.06448232e+01 1.05966675e+01 4.81556608e-02
1.78103640e-01 2.30657613e+01 2.29612338e+01 -8.29023052e-06 -8.44342564e-06 0.00000000e+00 2.30423705e+01 2.30423790e+01 2.30423705e+01 5.40356825e-07 1.04626812e+01 1.04152673e+01 4.74138844e-02
1.80268411e-01 2.26570746e+01 2.25533756e+01 -7.94898585e-06 -8.09587321e-06 0.00000000e+00 2.26339365e+01 2.26339446e+01 2.26339365e+01 5.30778813e-07 1.02773000e+01 1.02302619e+01 4.70380934e-02
1.82433182e-01 2.22438991e+01 2.21404045e+01 -7.61995315e-06 -7.76075812e-06 0.00000000e+00 2.22209163e+01 2.22209241e+01 2.22209163e+01 5.21093252e-07 1.00898827e+01 1.00429373e+01 4.69453777e-02
1.84597954e-01 2.18300500e+01 2.17263504e+01 -7.30315543e-06 -7.43811530e-06 0.00000000e+00 2.18071580e+01 2.18071654e+01 2.18071580e+01 5.11390381e-07 9.90215978e+00 9.85512141e+00 4.70383678e-02
1.86762727e-01 2.14202600e+01 2.13161739e+01 -6.99898052e-06 -7.12834873e-06 0.00000000e+00 2.13974288e+01 2.13974360e+01 2.13974288e+01 5.01781998e-07 9.71627812e+00 9.66906444e+00 4.72136725e-02
1.88927500e-01 2.10185277e+01 2.09140916e+01 -6.71235824e-06 -6.83640789e-06 0.00000000e+00 2.09957608e+01 2.09957676e+01 2.09957608e+01 4.92362651e-07 9.53405144e+00 9.48667899e+00 4.73724528e-02
1.91092274e-01 2.06301656e+01 2.05256029e+01 -6.43994890e-06 -6.55896166e-06 0.00000000e+00 2.06074943e+01 2.06075009e+01 2.06074943e+01 4.83257579e-07 9.35788953e+00 9.31045965e+00 4.74298777e-02
1.93257049e-01 2.02587343e+01 2.01544137e+01 -6.18297330e-06 -6.29723799e-06 0.00000000e+00 2.02362119e+01 2.02362182e+01 2.02362119e+01 4.74550793e-07 9.18940748e+00 9.14208742e+00 4.73200561e-02
1.95421824e-01 1.99065088e+01 1.98028882e+01 -5.94191192e-06 -6.05171587e-06 0.00000000e+00 1.98842019e+01 1.98842079e+01 1.98842019e+01 4.66295956e-07 9.02963719e+00 8.98263466e+00 4.70025230e-02
1.97586600e-01 1.95744959e+01 1.94720710e+01 -5.71571033e-06 -5.82132996e-06 0.00000000e+00 1.95524768e+01 1.95524827e+01 1.95524768e+01 4.58516813e-07 8.87903539e+00 8.83257521e+00 4.64601879e-02
1.99751376e-01 1.92628752e+01 1.91621210e+01 -5.50224866e-06 -5.60394385e-06 0.00000000e+00 1.92412130e+01 1.92412186e+01 1.92412130e+01 4.51217498e-07 8.73768355e+00 8.69198118e+00 4.57023713e-02
2.01916153e-01 1.89693265e+01 1.88706591e+01 -5.30333744e-06 -5.40134851e-06 0.00000000e+00 1.89480816e+01 1.89480870e+01 1.89480816e+01 4.44343398e-07 8.60452920e+00 8.55977344e+00 4.47557571e-02
2.04080931e-01 1.86921799e+01 1.85959133e+01 -5.11519104e-06 -5.20973210e-06 0.00000000e+00 1.86713970e+01 1.86714022e+01 1.86713970e+01 4.37854985e-07 8.47881485e+00 8.43514812e+00 4.36667309e-02
2.06245708e-01 1.84286034e+01 1.83349321e+01 -4.93725153e-06 -5.02851308e-06 0.00000000e+00 1.84083093e+01 1.84083143e+01 1.84083093e+01 4.31685426e-07 8.35925596e+00 8.31676643e+00 4.24895321e-02
2.08410487e-01 1.81755915e+01 1.80845803e+01 -4.76874491e-06 -4.85689425e-06 0.00000000e+00 1.81557932e+01 1.81557981e+01 1.81557932e+01 4.25763780e-07 8.24448919e+00 8.20320632e+00 4.12828711e-02
2.10575266e-01 1.79297968e+01 1.78413854e+01 -4.61018089e-06 -4.69536479e-06 0.00000000e+00 1.79104827e+01 1.79104874e+01 1.79104827e+01 4.20011108e-07 8.13299618e+00 8.09289254e+00 4.01036406e-02
2.12740045e-01 1.76896774e+01 1.76036931e+01 -4.45475530e-06 -4.53709443e-06 0.00000000e+00 1.76708184e+01 1.76708230e+01 1.76708184e+01 4.14390843e-07 8.02407746e+00 7.98507480e+00 3.90026631e-02
2.14904825e-01 1.74511717e+01 1.73673586e+01 -4.30811710e-06 -4.38772161e-06 0.00000000e+00 1.74327270e+01 1.74327314e+01 1.74327270e+01 4.08807461e-07 7.91589073e+00 7.87787295e+00 3.80177764e-02
2.17069605e-01 1.72136690e+01 1.71317133e+01 -4.16374674e-06 -4.24070722e-06 0.00000000e+00 1.71955886e+01 1.71955929e+01 1.71955886e+01 4.03246431e-07 7.80815899e+00 7.77098371e+00 3.71752744e-02
2.19234386e-01 1.69744839e+01 1.68940461e+01 -4.02659771e-06 -4.10100053e-06 0.00000000e+00 1.69567147e+01 1.69567188e+01 1.69567147e+01 3.97644700e-07 7.69966410e+00 7.66317733e+00 3.64867621e-02
2.21399167e-01 1.67342038e+01 1.66549530e+01 -3.89244879e-06 -3.96437125e-06 0.00000000e+00 1.67166938e+01 1.67166978e+01 1.67166938e+01 3.92016072e-07 7.59067250e+00 7.55472416e+00 3.59483374e-02
2.23563948e-01 1.64931503e+01 1.64147865e+01 -3.76105736e-06 -3.83057468e-06 0.00000000e+00 1.64758522e+01 1.64758561e+01 1.64758522e+01 3.86368199e-07 7.48133008e+00 7.44578407e+00 3.55460028e-02
2.25728730e-01 1.62516117e+01 1.61738910e+01 -3.63521884e-06 -3.70241018e-06 0.00000000e+00 1.62344872e+01 1.62344909e+01 1.62344872e+01 3.80708051e-07 7.37176763e+00 7.33651334e+00 3.52542885e-02
2.27893513e-01 1.60109700e+01 1.59337165e+01 -3.51474991e-06 -3.57969641e-06 0.00000000e+00 1.59939910e+01 1.59939946e+01 1.59939910e+01 3.75068277e-07 7.26261201e+00 7.22756966e+00 3.50423536e-02
2.30058295e-01 1.57736603e+01 1.56967742e+01 -3.39641177e-06 -3.45919391e-06 0.00000000e+00 1.57568100e+01 1.57568135e+01 1.57568100e+01 3.69506246e-07 7.15496778e+00 7.12009209e+00 3.48756905e-02
2.32223078e-01 1.55398553e+01 1.54633125e+01 -3.28492187e-06 -3.34562704e-06 0.00000000e+00 1.55231289e+01 1.55231323e+01 1.55231289e+01 3.64026291e-07 7.04891335e+00 7.01419336e+00 3.47199858e-02
2.34387861e-01 1.53119623e+01 1.52358060e+01 -3.17656601e-06 -3.23527936e-06 0.00000000e+00 1.52953648e+01 1.52953681e+01 1.52953648e+01 3.58685091e-07 6.94554055e+00 6.91099587e+00 3.45446743e-02
2.36552645e-01 1.50902812e+01 1.50146086e+01 -3.07402715e-06 -3.13083687e-06 0.00000000e+00 1.50738262e+01 1.50738293e+01 1.50738262e+01 3.53489883e-07 6.84498549e+00 6.81066024e+00 3.43252476e-02
2.38717429e-01 1.48761482e+01 1.48010947e+01 -2.97579304e-06 -3.03078543e-06 0.00000000e+00 1.48598548e+01 1.48598578e+01 1.48598548e+01 3.48472131e-07 6.74785428e+00 6.71380984e+00 3.40444396e-02
2.40882213e-01 1.46702737e+01 1.45959955e+01 -2.88152842e-06 -2.93478810e-06 0.00000000e+00 1.46541642e+01 1.46541671e+01 1.46541642e+01 3.43648568e-07 6.65446916e+00 6.62077641e+00 3.36927593e-02
2.43046998e-01 1.44723695e+01 1.43990237e+01 -2.79269350e-06 -2.84430378e-06 0.00000000e+00 1.44564662e+01 1.44564691e+01 1.44564662e+01 3.39012437e-07 6.56469935e+00 6.53142953e+00 3.32698179e-02
2.45211783e-01 1.42828228e+01 1.42105520e+01 -2.70726707e-06 -2.75730531e-06 0.00000000e+00 1.42671459e+01 1.42671487e+01 1.42671459e+01 3.34572768e-07 6.47872056e+00 6.44593835e+00 3.27822075e-02
2.47376568e-01 1.41006305e+01 1.40295495e+01 -2.62614896e-06 -2.67468823e-06 0.00000000e+00 1.40851960e+01 1.40851986e+01 1.40851960e+01 3.30305936e-07 6.39607771e+00 6.36383522e+00 3.22424908e-02
2.49541353e-01 1.39246602e+01 1.38548467e+01 -2.54947263e-06 -2.59658011e-06 0.00000000e+00 1.39094785e+01 1.39094811e+01 1.39094785e+01 3.26185260e-07 6.31625721e+00 6.28458962e+00 3.16675886e-02
2.51706139e-01 1.37546393e+01 1.36861281e+01 -2.47425568e-06 -2.51998934e-06 0.00000000e+00 1.37397140e+01 1.37397165e+01 1.37397140e+01 3.22204186e-07 6.23913532e+00 6.20805849e+00 3.10768256e-02
2.53870925e-01 1.35884681e+01 1.35212527e+01 -2.40286425e-06 -2.44727841e-06 0.00000000e+00 1.35737972e+01 1.35737996e+01 1.35737972e+01 3.18313341e-07 6.16375972e+00 6.13327066e+00 3.04890572e-02
2.56035711e-01 1.34251001e+01 1.33591333e+01 -2.33491797e-06 -2.37806134e-06 0.00000000e+00 1.34106752e+01 1.34106776e+01 1.34106752e+01 3.14488037e-07 6.08965563e+00 6.05973291e+00 2.99227165e-02
2.58200498e-01 1.32643228e+01 1.31995257e+01 -2.26844057e-06 -2.31035568e-06 0.00000000e+00 1.32501307e+01 1.32501330e+01 1.32501307e+01 3.10723176e-07 6.01672668e+00 5.98733458e+00 2.93921070e-02
2.60365285e-01 1.31051953e+01 1.30414651e+01 -2.20419122e-06 -2.24491802e-06 0.00000000e+00 1.30912192e+01 1.30912214e+01 1.30912192e+01 3.06996610e-07 5.94454608e+00 5.91563790e+00 2.89081834e-02
2.62530072e-01 1.29474719e+01 1.28846925e+01 -2.14165655e-06 -2.18123197e-06 0.00000000e+00 1.29336930e+01 1.29336952e+01 1.29336930e+01 3.03302531e-07 5.87300238e+00 5.84452552e+00 2.84768589e-02
2.64694859e-01 1.27909531e+01 1.27290067e+01 -2.08072930e-06 -2.11918829e-06 0.00000000e+00 1.27773525e+01 1.27773546e+01 1.27773525e+01 2.99636256e-07 5.80200510e+00 5.77390606e+00 2.80990338e-02
2.66859647e-01 1.26352120e+01 1.25739866e+01 -2.02218345e-06 -2.05956029e-06 0.00000000e+00 1.26217718e+01 1.26217739e+01 1.26217718e+01 2.95987799e-07 5.73136061e+00 5.70358862e+00 2.77719910e-02
2.69024434e-01 1.24802929e+01 1.24196920e+01 -1.96603723e-06 -2.00236530e-06 0.00000000e+00 1.24669975e+01 1.24669995e+01 1.24669975e+01 2.92358252e-07 5.66108892e+00 5.63360022e+00 2.74887061e-02
2.71189222e-01 1.23268738e+01 1.22668208e+01 -1.91107127e-06 -1.94638227e-06 0.00000000e+00 1.23137106e+01 1.23137126e+01 1.23137106e+01 2.88763588e-07 5.59149767e+00 5.56425749e+00 2.72401774e-02
2.73354010e-01 1.21754623e+01 1.21159059e+01 -1.85710785e-06 -1.89143337e-06 0.00000000e+00 1.21624228e+01 1.21624247e+01 1.21624228e+01 2.85215801e-07 5.52281711e+00 5.49580219e+00 2.70149212e-02
2.75518799e-01 1.20257200e+01 1.19666329e+01 -1.80618766e-06 -1.83956149e-06 0.00000000e+00 1.20127992e+01 1.20128011e+01 1.20127992e+01 2.81707043e-07 5.45489366e+00 5.42809161e+00 2.68020491e-02
2.77683587e-01 1.18791746e+01 1.18205534e+01 -1.75583488e-06 -1.78828863e-06 0.00000000e+00 1.18663711e+01 1.18663729e+01 1.18663711e+01 2.78273218e-07 5.38842032e+00 5.36182961e+00 2.65907096e-02
2.79848376e-01 1.17355236e+01 1.16773847e+01 -1.70781623e-06 -1.73938321e-06 0.00000000e+00 1.17228391e+01 1.17228408e+01 1.17228391e+01 2.74907311e-07 5.32325990e+00 5.29688798e+00 2.63719193e-02
2.82013165e-01 1.15952504e+01 1.15376262e+01 -1.66169522e-06 -1.69240802e-06 0.00000000e+00 1.15826890e+01 1.15826907e+01 1.15826890e+01 2.71620711e-07 5.25963166e+00 5.23349322e+00 2.61384395e-02
2.84177954e-01 1.14585702e+01 1.14015028e+01 -1.61718065e-06 -1.64707071e-06 0.00000000e+00 1.14461375e+01 1.14461392e+01 1.14461375e+01 2.68418500e-07 5.19763322e+00 5.17174733e+00 2.58858888e-02
2.86342744e-01 1.13254583e+01 1.12689934e+01 -1.57424614e-06 -1.60334379e-06 0.00000000e+00 1.13131605e+01 1.13131621e+01 1.13131605e+01 2.65300112e-07 5.13725336e+00 5.11164075e+00 2.56126061e-02
2.88507533e-01 1.11957765e+01 1.11399588e+01 -1.53295061e-06 -1.56128504e-06 0.00000000e+00 1.11836196e+01 1.11836212e+01 1.11836196e+01 2.62262304e-07 5.07842940e+00 5.05311038e+00 2.53190276e-02
2.90672323e-01 1.10694274e+01 1.10142950e+01 -1.49315127e-06 -1.52075021e-06 0.00000000e+00 1.10574165e+01 1.10574180e+01 1.10574165e+01 2.59302768e-07 5.02111718e+00 4.99610898e+00 2.50081928e-02
2.92837113e-01 1.09462942e+01 1.08918753e+01 -1.45470026e-06 -1.48159003e-06 0.00000000e+00 1.09344328e+01 1.09344343e+01 1.09344328e+01 2.56418729e-07 4.96526370e+00 4.94057914e+00 2.46845557e-02
2.95001903e-01 1.08260291e+01 1.07723390e+01 -1.41785273e-06 -1.44405859e-06 0.00000000e+00 1.08143187e+01 1.08143201e+01 1.08143187e+01 2.53601985e-07 4.91071117e+00 4.88635720e+00 2.43539713e-02
2.97166693e-01 1.07086110e+01 1.06556517e+01 -1.38203132e-06 -1.40757655e-06 0.00000000e+00 1.06970511e+01 1.06970525e+01 1.06970511e+01 2.50851992e-07 4.85745006e+00 4.83342759e+00 2.40224692e-02
2.99331484e-01 1.05933325e+01 1.05410929e+01 -1.34796631e-06 -1.37287344e-06 0.00000000e+00 1.05819207e+01 1.05819220e+01 1.05819207e+01 2.48152118e-07 4.80515948e+00 4.78146346e+00 2.36960178e-02
3.01496274e-01 1.04805083e+01 1.04289653e+01 -1.31412838e-06 -1.33841690e-06 0.00000000e+00 1.04692402e+01 1.04692415e+01 1.04692402e+01 2.45509695e-07 4.75398215e+00 4.73060215e+00 2.33800020e-02
3.03661065e-01 1.03689859e+01 1.03181075e+01 -1.28209602e-06 -1.30578558e-06 0.00000000e+00 1.03578560e+01 1.03578573e+01 1.03578560e+01 2.42897673e-07 4.70339535e+00 4.68031677e+00 2.30785736e-02
3.05825856e-01 1.02592702e+01 1.02090176e+01 -1.25017253e-06 -1.27327987e-06 0.00000000e+00 1.02482719e+01 1.02482732e+01 1.02482719e+01 2.40327862e-07 4.65362804e+00 4.63083335e+00 2.27946828e-02
3.07990647e-01 1.01503211e+01 1.01006524e+01 -1.22002346e-06 -1.24256609e-06 0.00000000e+00 1.01394475e+01 1.01394487e+01 1.01394475e+01 2.37775868e-07 4.60420847e+00 4.58167864e+00 2.25298257e-02
3.10155438e-01 1.00427257e+01 9.99359899e+00 -1.19030077e-06 -1.21229419e-06 0.00000000e+00 1.00319698e+01 1.00319711e+01 1.00319698e+01 2.35255455e-07 4.55540297e+00 4.53311899e+00 2.22839831e-02
3.12320229e-01 9.93628087e+00 9.88765711e+00 -1.16141307e-06 -1.18287275e-06 0.00000000e+00 9.92563622e+00 9.92563740e+00 9.92563622e+00 2.32761871e-07 4.50711936e+00 4.48506351e+00 2.20558468e-02
3.14485021e-01 9.83104029e+00 9.78288572e+00 -1.13334142e-06 -1.15428249e-06 0.00000000e+00 9.82050114e+00 9.82050229e+00 9.82050114e+00 2.30296393e-07 4.45938200e+00 4.43753898e+00 2.18430225e-02
3.16649812e-01 9.72706347e+00 9.67935126e+00 -1.10606815e-06 -1.12650537e-06 0.00000000e+00 9.71662520e+00 9.71662632e+00 9.71662520e+00 2.27860442e-07 4.41221788e+00 4.39057551e+00 2.16423630e-02
3.18814604e-01 9.62461146e+00 9.57732270e+00 -1.07921368e-06 -1.09916114e-06 0.00000000e+00 9.61427062e+00 9.61427172e+00 9.61427062e+00 2.25460169e-07 4.36574541e+00 4.34429513e+00 2.14502869e-02
3.20979396e-01 9.52340934e+00 9.47653312e+00 -1.05341260e-06 -1.07288475e-06 0.00000000e+00 9.51316385e+00 9.51316492e+00 9.51316385e+00 2.23089157e-07 4.31983990e+00 4.29857675e+00 2.12631574e-02
3.23144188e-01 9.42363637e+00 9.37716953e+00 -1.02852279e-06 -1.04753375e-06 0.00000000e+00 9.41348530e+00 9.41348634e+00 9.41348530e+00 2.20751637e-07 4.27458266e+00 4.25350520e+00 2.10774592e-02
3.25308980e-01 9.32551172e+00 9.27945688e+00 -1.00436746e-06 -1.02293100e-06 0.00000000e+00 9.31545499e+00 9.31545601e+00 9.31545499e+00 2.18452770e-07 4.23007310e+00 4.20918252e+00 2.08905810e-02
3.27473772e-01 9.22922125e+00 9.18358607e+00 -9.80897254e-07 -9.99027003e-07 0.00000000e+00 9.21925953e+00 9.21926053e+00 9.21925953e+00 2.16196932e-07 4.18639553e+00 4.16569530e+00 2.07002215e-02
3.29638565e-01 9.13469768e+00 9.08949274e+00 -9.58439125e-07 -9.76148868e-07 0.00000000e+00 9.12483211e+00 9.12483309e+00 9.12483211e+00 2.13982554e-07 4.14351942e+00 4.12301436e+00 2.05050620e-02
3.31803357e-01 9.04232660e+00 8.99756331e+00 -9.36407638e-07 -9.53710288e-07 0.00000000e+00 9.03255835e+00 9.03255930e+00 9.03255835e+00 2.11818682e-07 4.10161969e+00 4.08131496e+00 2.03047302e-02
3.33968150e-01 8.95191886e+00 8.90760791e+00 -9.15066636e-07 -9.31974942e-07 0.00000000e+00 8.94224903e+00 8.94224996e+00 8.94224903e+00 2.09700876e-07 4.06061054e+00 4.04051099e+00 2.00995485e-02
3.36132943e-01 8.86336937e+00 8.81951922e+00 -8.94384328e-07 -9.10910453e-07 0.00000000e+00 8.85379875e+00 8.85379966e+00 8.85379875e+00 2.07626666e-07 4.02044429e+00 4.00055376e+00 1.98905290e-02
3.38297735e-01 8.77652691e+00 8.73314263e+00 -8.74325446e-07 -8.90480903e-07 0.00000000e+00 8.76705579e+00 8.76705668e+00 8.76705579e+00 2.05592494e-07 3.98105235e+00 3.96137315e+00 1.96792058e-02
3.40462528e-01 8.69123518e+00 8.64831767e+00 -8.54855560e-07 -8.70651232e-07 0.00000000e+00 8.68186323e+00 8.68186410e+00 8.68186323e+00 2.03594680e-07 3.94236383e+00 3.92289635e+00 1.94674793e-02
3.42627321e-01 8.60736731e+00 8.56491327e+00 -8.35944501e-07 -8.51390717e-07 0.00000000e+00 8.59809360e+00 8.59809445e+00 8.59809360e+00 2.01630234e-07 3.90432118e+00 3.88506393e+00 1.92572456e-02
3.44792115e-01 8.52496396e+00 8.48296564e+00 -8.17327556e-07 -8.32433909e-07 0.00000000e+00 8.51578683e+00 8.51578766e+00 8.51578683e+00 1.99700093e-07 3.86694283e+00 3.84789230e+00 1.90505339e-02
3.46956908e-01 8.44365065e+00 8.40209690e+00 -7.99462103e-07 -8.14238255e-07 0.00000000e+00 8.43456800e+00 8.43456882e+00 8.43456800e+00 1.97795465e-07 3.83005893e+00 3.81121006e+00 1.88488745e-02
3.49121701e-01 8.36348571e+00 8.32236255e+00 -7.82082610e-07 -7.96537544e-07 0.00000000e+00 8.35449500e+00 8.35449579e+00 8.35449500e+00 1.95917707e-07 3.79369594e+00 3.77504238e+00 1.86535586e-02
3.51286495e-01 8.28437693e+00 8.24366861e+00 -7.65166727e-07 -7.79309014e-07 0.00000000e+00 8.27547535e+00 8.27547613e+00 8.27547535e+00 1.94064650e-07 3.75781202e+00 3.73934663e+00 1.84653878e-02
3.53451288e-01 8.20623008e+00 8.16592008e+00 -7.48692855e-07 -7.62530665e-07 0.00000000e+00 8.19741473e+00 8.19741549e+00 8.19741473e+00 1.92234084e-07 3.72236443e+00 3.70407972e+00 1.82847073e-02
3.55616082e-01 8.12900836e+00 8.08908056e+00 -7.32592869e-07 -7.46133978e-07 0.00000000e+00 8.12027642e+00 8.12027717e+00 8.12027642e+00 1.90425146e-07 3.68733648e+00 3.66922514e+00 1.81113403e-02
3.57780876e-01 8.05261956e+00 8.01305906e+00 -7.16950824e-07 -7.30202845e-07 0.00000000e+00 8.04396842e+00 8.04396915e+00 8.04396842e+00 1.88635680e-07 3.65268635e+00 3.63474162e+00 1.79447350e-02
3.59945669e-01 7.97711765e+00 7.93791139e+00 -7.01714103e-07 -7.14684442e-07 0.00000000e+00 7.96854499e+00 7.96854570e+00 7.96854499e+00 1.86866957e-07 3.61843851e+00 3.60065447e+00 1.77840475e-02
3.62110463e-01 7.90253693e+00 7.86367440e+00 -6.86914861e-07 -6.99610855e-07 0.00000000e+00 7.89404081e+00 7.89404151e+00 7.89404081e+00 1.85119791e-07 3.58460853e+00 3.56698040e+00 1.76281294e-02
3.64275257e-01 7.82902081e+00 7.79049389e+00 -6.72459874e-07 -6.84888702e-07 0.00000000e+00 7.82059963e+00 7.82060031e+00 7.82059963e+00 1.83397554e-07 3.55126145e+00 3.53378556e+00 1.74758940e-02
3.66440052e-01 7.75659953e+00 7.71840267e+00 -6.58390425e-07 -6.70559212e-07 0.00000000e+00 7.74825209e+00 7.74825276e+00 7.74825209e+00 1.81700962e-07 3.51841100e+00 3.50108482e+00 1.73261820e-02
3.68604846e-01 7.68528654e+00 7.64741649e+00 -6.44697123e-07 -6.56612822e-07 0.00000000e+00 7.67701199e+00 7.67701265e+00 7.67701199e+00 1.80030341e-07 3.48606327e+00 3.46888533e+00 1.71779420e-02
3.70769640e-01 7.61506895e+00 7.57752438e+00 -6.31368676e-07 -6.43038031e-07 0.00000000e+00 7.60686676e+00 7.60686740e+00 7.60686676e+00 1.78385395e-07 3.45421241e+00 3.43718211e+00 1.70303018e-02
3.72934435e-01 7.54591740e+00 7.50869830e+00 -6.18392805e-07 -6.29822332e-07 0.00000000e+00 7.53778724e+00 7.53778787e+00 7.53778724e+00 1.76765441e-07 3.42284511e+00 3.40596244e+00 1.68826678e-02
3.75099229e-01 7.47781988e+00 7.44092700e+00 -6.05759046e-07 -6.16955068e-07 0.00000000e+00 7.46976157e+00 7.46976218e+00 7.46976157e+00 1.75170199e-07 3.39195592e+00 3.37522123e+00 1.67346914e-02
3.77264024e-01 7.41075599e+00 7.37419043e+00 -5.93456590e-07 -6.04425230e-07 0.00000000e+00 7.40276938e+00 7.40276999e+00 7.40276938e+00 1.73599194e-07 3.36153559e+00 3.34494937e+00 1.65862207e-02
3.79428818e-01 7.34474467e+00 7.30850711e+00 -5.81478093e-07 -5.92225338e-07 0.00000000e+00 7.33682957e+00 7.33683016e+00 7.33682957e+00 1.72052868e-07 3.33159271e+00 3.31515527e+00 1.64374388e-02
3.97526928e-01 6.82967880e+00 6.79607633e+00 -4.92590215e-07 -5.01694572e-07 0.00000000e+00 6.82233360e+00 6.82233410e+00 6.82233360e+00 1.59987642e-07 3.09795767e+00 3.08271551e+00 1.52421580e-02
4.17937758e-01 6.31175842e+00 6.28066221e+00 -4.11855654e-07 -4.19467828e-07 0.00000000e+00 6.30496360e+00 6.30496402e+00 6.30496360e+00 1.47855018e-07 2.86302782e+00 2.84892251e+00 1.41053105e-02
4.41469835e-01 5.78902931e+00 5.76053406e+00 -3.38549362e-07 -3.44806640e-07 0.00000000e+00 5.78280128e+00 5.78280163e+00 5.78280128e+00 1.35610012e-07 2.62591672e+00 2.61299121e+00 1.29255086e-02
4.69429560e-01 5.25104954e+00 5.22519117e+00 -2.71595929e-07 -2.76615734e-07 0.00000000e+00 5.24539851e+00 5.24539879e+00 5.24539851e+00 1.23007608e-07 2.38188789e+00 2.37015847e+00 1.17294135e-02
5.04083946e-01 4.68706137e+00 4.66398788e+00 -2.10238841e-07 -2.14124606e-07 0.00000000e+00 4.68201849e+00 4.68201870e+00 4.68201849e+00 1.09796023e-07 2.12606158e+00 2.11559540e+00 1.04661836e-02
5.49714601e-01 4.07834839e+00 4.05827364e+00 -1.53825266e-07 -1.56668360e-07 0.00000000e+00 4.07396078e+00 4.07396093e+00 4.07396078e+00 9.55367203e-08 1.84994801e+00 1.84084205e+00 9.10595544e-03
6.15109955e-01 3.40044542e+00 3.38370912e+00 -1.02434877e-07 -1.04328143e-07 0.00000000e+00 3.39678737e+00 3.39678747e+00 3.39678737e+00 7.96566149e-08 1.54244969e+00 1.53485807e+00 7.59162377e-03
7.18275679e-01 2.64016388e+00 2.62717037e+00 -5.83264196e-08 -5.94044461e-08 0.00000000e+00 2.63732384e+00 2.63732390e+00 2.63732384e+00 6.18467589e-08 1.19758428e+00 1.19169039e+00 5.89388337e-03
8.82921187e-01 1.87782333e+00 1.86858108e+00 -2.74535655e-08 -2.79610091e-08 0.00000000e+00 1.87580325e+00 1.87580328e+00 1.87580325e+00 4.39886638e-08 8.51784888e-01 8.47592584e-01 4.19230404e-03
1.10948999e+00 1.28183464e+00 1.27552376e+00 -1.18680984e-08 -1.20874605e-08 0.00000000e+00 1.28045539e+00 1.28045540e+00 1.28045539e+00 3.00274144e-08 5.81443076e-01 5.78580448e-01 2.86262878e-03
1.39672459e+00 8.68410214e-01 8.64131835e-01 -5.07376606e-09 -5.16753977e-09 0.00000000e+00 8.67475346e-01 8.67475351e-01 8.67475346e-01 2.03427951e-08 3.93912827e-01 3.91972145e-01 1.94068207e-03
1.75837192e+00 5.85876351e-01 5.82986371e-01 -2.16057743e-09 -2.20049608e-09 0.00000000e+00 5.85245076e-01 5.85245078e-01 5.85245076e-01 1.37243332e-08 2.65754831e-01 2.64443929e-01 1.31090141e-03
2.21365909e+00 3.93809142e-01 3.91862624e-01 -9.16029688e-10 -9.32958825e-10 0.00000000e+00 3.93384192e-01 3.93384193e-01 3.93384192e-01 9.22508527e-09 1.78632713e-01 1.77749768e-01 8.82944728e-04
2.78683168e+00 2.63805766e-01 2.62497471e-01 -3.87281362e-10 -3.94436816e-10 0.00000000e+00 2.63520411e-01 2.63520411e-01 2.63520411e-01 6.17970500e-09 1.19662889e-01 1.19069444e-01 5.93445411e-04
3.50841322e+00 1.76181474e-01 1.75303072e-01 -1.63133074e-10 -1.66148034e-10 0.00000000e+00 1.75990163e-01 1.75990164e-01 1.75990163e-01 4.12707042e-09 7.99163128e-02 7.95178681e-02 3.98444729e-04
4.41683056e+00 1.17326994e-01 1.16737037e-01 -6.85592965e-11 -6.98260906e-11 0.00000000e+00 1.17198803e-01 1.17198803e-01 1.17198803e-01 2.74837925e-09 5.32197885e-02 5.29521828e-02 2.67605736e-04
5.56046023e+00 7.79331120e-02 7.75359689e-02 -2.87333167e-11 -2.92641935e-11 0.00000000e+00 7.78471294e-02 7.78471294e-02 7.78471294e-02 1.82555990e-09 3.53506349e-02 3.51704900e-02 1.80144995e-04
7.00020469e+00 5.16440782e-02 5.13753525e-02 -1.20124803e-11 -1.22344174e-11 0.00000000e+00 5.15862225e-02 5.15862225e-02 5.15862225e-02 1.20972655e-09 2.34258701e-02 2.33039755e-02 1.21894586e-04
8.81273557e+00 3.41475103e-02 3.39640004e-02 -5.01306829e-12 -5.10564306e-12 0.00000000e+00 3.41083346e-02 3.41083346e-02 3.41083346e-02 7.99860038e-10 1.54893875e-02 1.54061470e-02 8.32405318e-05
1.10945768e+01 2.25330144e-02 2.24058252e-02 -2.08749877e-12 -2.12603035e-12 0.00000000e+00 2.25061997e-02 2.25061997e-02 2.25061997e-02 5.27783311e-10 1.02210260e-02 1.01633327e-02 5.76933317e-05
1.39672446e+01 1.48408867e-02 1.47507520e-02 -8.67655977e-13 -8.83660397e-13 0.00000000e+00 1.48222197e-02 1.48222197e-02 1.48222197e-02 3.47589565e-10 6.73185960e-03 6.69097431e-03 4.08852906e-05
1.75837192e+01 9.75731852e-03 9.69143029e-03 -3.60031513e-13 -3.66665357e-13 0.00000000e+00 9.74399781e-03 9.74399781e-03 9.74399781e-03 2.28502346e-10 4.42594163e-03 4.39605458e-03 2.98870501e-05
2.21365909e+01 6.40407949e-03 6.35394572e-03 -1.49176723e-13 -1.51920500e-13 0.00000000e+00 6.39424756e-03 6.39424756e-03 6.39424756e-03 1.49948778e-10 2.90490486e-03 2.88216408e-03 2.27407874e-05
2.78683168e+01 4.19627286e-03 4.15627960e-03 -6.17286087e-14 -6.28607409e-14 0.00000000e+00 4.18870124e-03 4.18870124e-03 4.18870124e-03 9.82274501e-11 1.90343881e-03 1.88529778e-03 1.81410301e-05
3.50841322e+01 2.74507136e-03 2.71152205e-03 -2.55137506e-14 -2.59795803e-14 0.00000000e+00 2.73895044e-03 2.73895044e-03 2.73895044e-03 6.42299612e-11 1.24517054e-03 1.22995250e-03 1.52180392e-05
4.41683056e+01 1.79264733e-03 1.76312426e-03 -1.05356026e-14 -1.07265949e-14 0.00000000e+00 1.78744643e-03 1.78744643e-03 1.78744643e-03 4.19166456e-11 8.13148863e-04 7.99757133e-04 1.33917306e-05
5.56046023e+01 1.16846947e-03 1.14141122e-03 -4.34774049e-15 -4.42567564e-15 0.00000000e+00 1.16384403e-03 1.16384403e-03 1.16384403e-03 2.72928111e-11 5.30020379e-04 5.17746699e-04 1.22736808e-05
7.00020469e+01 7.59942547e-04 7.34373326e-04 -1.79363478e-15 -1.82522234e-15 0.00000000e+00 7.55674119e-04 7.55674119e-04 7.55674119e-04 1.77209922e-11 3.44711649e-04 3.33113393e-04 1.15982562e-05
